Parcela;Cota;Ecosistema;Orientacion;Microestacion;Tratamiento;Cobertura_arborea;Fecha_instalación;Fecha_recogida;Dias_campo;Muestra;Superficie_lámina (cm2);Absorb_NH4;ppm N-NH4;µg resina-1 NH4;µg cm-2 NH4;NH4;Absorb_NO3;ppm N-NO3;µg resina-1 NO3;µg cm-2 NO3;NO3;Absorb_PO4;ppm N-PO4;µg resina-1 PO4;µg cm-2 PO4;PO4
Camarate;1500;Encinar;Norte;40;Refugio;0.359531075;10/04/2024;07/06/2024;58;1;8.8;0.198;0.854310546;42.71552727;4.85403719;0.083690296;1.48;8.839228934;441.9614467;53.8977374;0.929271335;1.69;3.127656041;156.3828021;19.07107342;0.328811611
Camarate;1500;Encinar;Norte;40;Refugio;0.359531075;10/04/2024;07/06/2024;58;2;8.58;0.196;0.841853575;42.09267872;4.905906611;0.084584597;1.846;11.1147023;555.7351148;75.30286109;1.298325191;1.56;1.932346879;96.61734394;13.09178102;0.225720362
Camarate;1500;Encinar;Norte;40;Refugio;0.359531075;10/04/2024;07/06/2024;58;3;8.19;0.194;0.82524428;41.26221399;5.038121367;0.086864162;1.676;10.06001209;503.0006044;61.34153712;1.057612709;1.54;1.777344194;88.86720972;10.8374646;0.186852838
Camarate;1500;Encinar;Norte;41;Control;0.059943538;10/04/2024;07/06/2024;58;1;9.03;0.201;0.87091984;43.545992;4.822368993;0.083144293;1.745;10.48977759;524.4888793;62.4391523;1.076537109;1.6;2.281102919;114.0551459;13.57799356;0.234103337
Camarate;1500;Encinar;Norte;41;Control;0.059943538;10/04/2024;07/06/2024;58;2;8.8;0.364;1.884086812;94.20434059;10.7050387;0.184569633;0.777;4.458527478;222.9263739;28.6169928;0.493396428;1.89;4.874417062;243.7208531;31.28637395;0.539420241
Camarate;1500;Encinar;Norte;41;Control;0.059943538;10/04/2024;07/06/2024;58;3;8;0.194;0.82524428;41.26221399;5.157776749;0.088927185;1.612;9.66180425;483.0902125;57.51073958;0.991564476;1.98;5.735874289;286.7937145;34.14210886;0.588657049
Camarate;1500;Encinar;Norte;42;Refugio;0.629552111;10/04/2024;07/06/2024;58;1;9.45;0.189;0.794101853;39.70509262;4.201597103;0.072441329;1.296;7.692668564;384.6334282;32.73475985;0.564392411;2.14;7.157725837;357.8862918;30.45840782;0.525144962
Camarate;1500;Encinar;Norte;42;Refugio;0.629552111;10/04/2024;07/06/2024;58;2;8.8;0.185;0.773340234;38.66701171;4.393978603;0.075758252;1.27;7.52917082;376.458541;34.82502692;0.600431499;2.13;7.077243674;353.8621837;32.73470709;0.564391502
Camarate;1500;Encinar;Norte;42;Refugio;0.629552111;10/04/2024;07/06/2024;58;3;9.45;0.186;0.777492558;38.87462789;4.113717237;0.070926159;1.587;9.503600718;475.1800359;53.87528752;0.928884268;1.9;4.968312919;248.415646;28.16503922;0.485604125
Camarate;1500;Encinar;Norte;43;Control;0.20510848;10/04/2024;07/06/2024;58;1;8.6;0.142;0.505515359;25.27576792;2.939042782;0.050673151;1.744;10.48147294;524.073647;62.38971988;1.075684825;2.57;10.93144504;546.5722519;65.06812523;1.121864228
Camarate;1500;Encinar;Norte;43;Control;0.20510848;10/04/2024;07/06/2024;58;2;9.9;0.184;0.762959425;38.14797125;3.85333043;0.066436732;0.985;5.754052458;287.7026229;22.67160149;0.390889681;2.63;11.47693525;573.8467627;45.22039107;0.779661915
Camarate;1500;Encinar;Norte;43;Control;0.20510848;10/04/2024;07/06/2024;58;3;10.12;0.16;0.615551935;30.77759677;3.041264503;0.052435595;1.769;10.63562795;531.7813977;46.24186067;0.79727346;2.7;12.15060077;607.5300384;52.82869899;0.910839638
Camarate;1500;Encinar;Norte;44;Control;0.10444143;10/04/2024;07/06/2024;58;1;9.66;0.165;0.644618201;32.23091004;3.336533131;0.057526433;1.74;10.456559;522.8279499;51.66284089;0.890738636;2.61;11.33385585;566.6927927;55.99731153;0.965470888
Camarate;1500;Encinar;Norte;44;Control;0.10444143;10/04/2024;07/06/2024;58;2;9;0.168;0.665379819;33.26899096;3.696554551;0.063733699;1.665;9.986308343;499.3154172;50.43590072;0.869584495;2.75;12.56195405;628.0977023;63.44421235;1.09386573
Camarate;1500;Encinar;Norte;44;Control;0.10444143;10/04/2024;07/06/2024;58;3;9.66;0.223;1.005870359;50.29351794;5.206368317;0.089764971;1.84;11.07940755;553.9703773;44.31763018;0.764097072;2.63;11.497801;574.89005;45.991204;0.792951793
Camarate;1500;Encinar;Norte;45;Refugio;0.554234881;10/04/2024;07/06/2024;58;1;9.89;0.187;0.785797205;39.28986026;3.972685567;0.068494579;1.94;11.70017993;585.0089966;66.47829507;1.146177501;2.45;9.909023485;495.4511743;56.3012698;0.970711548
Camarate;1500;Encinar;Norte;45;Refugio;0.554234881;10/04/2024;07/06/2024;58;2;7.89;0.174;0.704826894;35.24134469;4.466583611;0.077010062;1.625;9.738207005;486.9103502;60.86379378;1.049375755;1.92;5.193364894;259.6682447;32.45853058;0.559629838
Camarate;1500;Encinar;Norte;45;Refugio;0.554234881;10/04/2024;07/06/2024;58;3;8.82;0.196;0.837701251;41.88506254;4.748873304;0.081877126;1.122;6.607354969;330.3677485;36.22453382;0.624560928;2.47;10.04912207;502.4561033;55.09387097;0.949894327
Camarate;1700;Robledal;Norte;1;Control;0.433905504;10/04/2024;05/06/2024;56;1;7;0.117;0.34772706;17.38635298;2.483764711;0.044352941;1.024;5.996963392;299.8481696;37.4810212;0.66930395;2.08;6.59792768;329.896384;41.237048;0.736375857
Camarate;1700;Robledal;Norte;4;Refugio;0.328830249;10/04/2024;05/06/2024;56;1;10.29;0.259;1.230095836;61.50479181;5.977142061;0.10673468;1.366;8.123991184;406.1995592;50.7749449;0.906695445;2.1;6.767238305;338.3619152;42.2952394;0.755272132
Camarate;1700;Robledal;Norte;4;Refugio;0.328830249;10/04/2024;05/06/2024;56;2;12.5;0.24;1.115906936;55.79534679;4.463627743;0.079707638;1.192;7.04023471;352.0117355;41.41314535;0.739520453;1.89;4.853551316;242.6775658;28.55030186;0.509826819
Camarate;1700;Robledal;Norte;5;Control;0.435913851;10/04/2024;05/06/2024;56;1;10;0.243;1.130440068;56.52200342;5.652200342;0.100932149;2.18;13.19397837;659.6989183;82.46236479;1.472542228;2.53;10.62143967;531.0719835;66.38399793;1.185428535
Camarate;1700;Robledal;Norte;5;Control;0.435913851;10/04/2024;05/06/2024;56;2;10;0.23;1.053622081;52.68110404;5.268110404;0.0940734;1.163;6.862722874;343.1361437;35.52133993;0.634309642;2.36;9.08929775;454.4648875;47.04605461;0.840108118
Camarate;1700;Robledal;Norte;6;Refugio;0.356924881;10/04/2024;05/06/2024;56;1;11.22;0.252;1.1885726;59.42862998;5.296669339;0.094583381;1.684;10.10776381;505.3881905;60.16526077;1.074379657;1.95;5.449715487;272.4857743;32.43878266;0.579263976
Camarate;1700;Robledal;Norte;6;Refugio;0.356924881;10/04/2024;05/06/2024;56;2;11;0.23;1.049469757;52.47348786;4.770317078;0.085184234;2.08;12.57112982;628.5564909;59.86252294;1.068973624;2.37;9.208530584;460.4265292;43.85014564;0.783038315
Camarate;1700;Robledal;Norte;6;Refugio;0.356924881;10/04/2024;05/06/2024;56;3;8.4;0.211;0.931128533;46.55642665;5.542431744;0.098971995;1.559;9.331279287;466.5639643;47.41503703;0.84669709;1.77;3.777474988;188.8737494;19.19448673;0.342758692
Camarate;1700;Robledal;Norte;66;Refugio;0.583936825;10/04/2024;05/06/2024;56;1;10.78;0.22;0.989261064;49.46305321;4.588409389;0.081935882;1.325;7.871737522;393.5868761;46.85558049;0.836706794;2.37;9.148914167;457.4457084;54.45782242;0.972461115
Camarate;1700;Robledal;Norte;66;Refugio;0.583936825;10/04/2024;05/06/2024;56;2;10.5;0.233;1.068155214;53.40776068;5.086453398;0.090829525;1.072;6.292816452;314.6408226;32.57151373;0.581634174;1.56;1.959174266;97.95871332;10.14065355;0.181083099
Camarate;1700;Robledal;Norte;66;Refugio;0.583936825;10/04/2024;05/06/2024;56;3;11.5;0.24;1.111754612;55.5877306;4.833715705;0.086316352;1.209;7.146118963;357.3059482;39.61263283;0.707368444;2.16;7.318690163;365.9345081;40.56923594;0.724450642
Camarate;1700;Robledal;Norte;67;Control;0.468103477;10/04/2024;05/06/2024;56;1;10.5;0.308;1.539443948;76.97219742;7.330685469;0.130905098;0.765;4.383785652;219.1892826;27.39866033;0.489261792;2.55;10.82115467;541.0577333;67.63221667;1.207718155
Camarate;1700;Robledal;Norte;67;Control;0.468103477;10/04/2024;05/06/2024;56;2;11;0.244;1.138744716;56.93723579;5.176112345;0.092430578;2.143;12.96663865;648.3319323;85.3068332;1.523336307;2.14;7.110032703;355.5016351;46.77653094;0.835295195
Camarate;1700;Robledal;Norte;67;Control;0.468103477;10/04/2024;05/06/2024;56;3;9.24;0.195;0.833548927;41.67744636;4.510546143;0.080545467;1.807;10.87386752;543.6933762;63.14673359;1.127620243;2.38;9.277089464;463.8544732;53.87392256;0.962034331
Camarate;1900;Serbal-Aceral;Norte;14;Refugio;0.940318352;15/04/2024;07/06/2024;53;1;6.4;0.209;0.918671562;45.93357811;7.177121579;0.135417388;1.597;9.56277133;478.1385665;68.01402084;1.283283412;1.46;1.017234876;50.86174382;7.234956447;0.136508612
Camarate;1900;Serbal-Aceral;Norte;14;Refugio;0.940318352;15/04/2024;07/06/2024;53;2;8.19;0.187;0.785797205;39.28986026;4.797296735;0.090515033;1.937;11.68357064;584.1785319;78.94304485;1.489491412;1.5;1.374933379;68.74666895;9.290090398;0.175284725
Camarate;1900;Serbal-Aceral;Norte;14;Refugio;0.940318352;15/04/2024;07/06/2024;53;3;7;0.263;1.25708594;62.854297;8.979185285;0.16941859;1.565;9.366574038;468.3287019;70.31962491;1.326785376;1.46;1.053004727;52.65023633;7.905440891;0.149159262
Camarate;1900;Serbal-Aceral;Norte;17;Control;0.050402304;15/04/2024;07/06/2024;53;1;7.41;2.271;13.76388479;688.1942394;92.87371652;1.752334274;2.405;14.59642568;729.821284;89.00259562;1.679294257;1.45;0.972522564;48.62612818;5.930015632;0.111887087
Camarate;1900;Serbal-Aceral;Norte;17;Control;0.050402304;15/04/2024;07/06/2024;53;2;7.56;0.333;1.693079924;84.65399619;11.19761854;0.211275822;1.061;6.227417355;311.3708677;46.75238254;0.882120425;1.47;1.145410173;57.27050866;8.599175474;0.162248594
Camarate;1900;Serbal-Aceral;Norte;17;Control;0.050402304;15/04/2024;07/06/2024;53;3;7.8;0.447;2.405203431;120.2601715;15.41797071;0.290905108;1.695;10.17835331;508.9176656;59.31441324;1.119139872;1.41;0.617804882;30.8902441;3.60026155;0.067929463
Camarate;1900;Serbal-Aceral;Norte;18;Refugio;0.782481673;15/04/2024;07/06/2024;53;1;7.41;0.168;0.665379819;33.26899096;4.48974237;0.08471212;2.057;12.43098889;621.5494447;75.89126309;1.431910624;1.49;1.291470395;64.57351975;7.884434646;0.148762918
Camarate;1900;Serbal-Aceral;Norte;18;Refugio;0.782481673;15/04/2024;07/06/2024;53;2;7.41;0.163;0.634237392;31.71186959;4.279604533;0.080747255;2.046;12.35936131;617.9680656;81.31158758;1.534180898;1.43;0.799634954;39.9817477;5.260756277;0.099259552
Camarate;1900;Serbal-Aceral;Norte;18;Refugio;0.782481673;15/04/2024;07/06/2024;53;3;8;0.15;0.555343242;27.76716212;3.470895264;0.06548859;2.126;12.85764015;642.8820075;80.56165508;1.520031228;1.39;0.43597481;21.79874049;2.731671741;0.051540976
Camarate;1900;Serbal-Aceral;Norte;19;Control;0.136283987;15/04/2024;07/06/2024;53;1;7.6;0.17;0.675760628;33.78803142;4.445793607;0.083882898;1.098;6.457871318;322.8935659;44.72210054;0.843813218;1.42;0.677421299;33.87106495;4.691283234;0.088514778
Camarate;1900;Serbal-Aceral;Norte;19;Control;0.136283987;15/04/2024;07/06/2024;53;2;9.02;0.156;0.588146599;29.40732996;3.260236137;0.061513889;1.487;8.88075217;444.0376085;50.63142628;0.95530993;1.39;0.450878914;22.5439457;2.570575337;0.048501421
Camarate;1900;Serbal-Aceral;Norte;19;Control;0.136283987;15/04/2024;07/06/2024;53;3;7.77;0.172;0.688217599;34.41087996;4.42868468;0.083560088;1.872;11.28079524;564.0397621;65.28237988;1.231743017;1.37;0.266068021;13.30340106;1.539745493;0.029051802
Camarate;1900;Serbal-Aceral;Norte;20;Control;0.010985592;15/04/2024;07/06/2024;53;1;6.6;0.213;0.947737828;47.38689138;7.179832028;0.135468529;1.503;8.978850816;448.9425408;62.18040732;1.173215232;1.33;-0.115477048;-5.773852413;-0.79970255;-0.015088727
Camarate;1900;Serbal-Aceral;Norte;20;Control;0.010985592;15/04/2024;07/06/2024;53;2;8.58;0.237;1.097221479;54.86107396;6.394064564;0.120642728;1.461;8.716735386;435.8367693;47.16848152;0.88997135;1.41;0.61184324;30.59216201;3.310840044;0.06246868
Camarate;1900;Serbal-Aceral;Norte;20;Control;0.010985592;15/04/2024;07/06/2024;53;3;9.02;0.234;1.075214164;53.76070819;5.960167206;0.112455985;1.024;5.999039554;299.9519777;37.87272446;0.714579707;1.48;1.202045769;60.10228847;7.588672787;0.143182505
Camarate;1900;Serbal-Aceral;Norte;21;Refugio;0.958735779;15/04/2024;07/06/2024;53;1;8;0.194;0.827320442;41.36602209;5.170752761;0.097561373;1.724;10.35690323;517.8451615;73.66218513;1.38985255;1.43;0.737037716;36.85188581;5.242089019;0.09890734
Camarate;1900;Serbal-Aceral;Norte;21;Refugio;0.958735779;15/04/2024;07/06/2024;53;2;7;0.228;1.039088948;51.9544474;7.422063915;0.140038942;1.248;7.39214414;369.607207;51.3343343;0.968572345;1.38;0.313761155;15.68805774;2.178896908;0.041111262
Camarate;1900;Serbal-Aceral;Norte;21;Refugio;0.958735779;15/04/2024;07/06/2024;53;3;8.19;0.173;0.694446085;34.72230424;4.239597587;0.079992407;1.495;8.932137175;446.6068588;48.54422378;0.915928751;1.39;0.453859735;22.69298675;2.466628994;0.04654017
Camarate;2200;Enebral;Norte;22;Control;0;15/04/2024;05/06/2024;51;1;9.2;0.148;0.538733948;26.93669738;2.92790189;0.057409841;1.978;11.9358243;596.791215;72.86828021;1.428789808;1.73;3.471642768;173.5821384;21.19440029;0.415576476
Camarate;2200;Enebral;Norte;22;Control;0;15/04/2024;05/06/2024;51;2;7.2;0.17;0.67783679;33.89183951;4.707199931;0.092298038;0.808;4.648496285;232.4248143;29.12591657;0.571096403;1.55;1.863787999;93.18939995;11.67786967;0.228977837
Camarate;2200;Enebral;Norte;22;Control;0;15/04/2024;05/06/2024;51;3;7.38;0.146;0.526276977;26.31384884;3.565562173;0.069912984;0.715;4.069247135;203.4623568;27.6819533;0.542783398;1.64;2.629858959;131.4929479;17.890197;0.350788176
Camarate;2200;Enebral;Norte;23;Refugio;0;15/04/2024;05/06/2024;51;1;7.79;0.158;0.605171126;30.25855631;3.884281939;0.076162391;0.869;5.02947198;251.473599;32.240205;0.632160882;1.74;3.524105215;176.2052608;22.59041805;0.442949373
Camarate;2200;Enebral;Norte;23;Refugio;0;15/04/2024;05/06/2024;51;2;8;0.165;0.648770525;32.43852623;4.054815778;0.079506192;0.741;4.236378162;211.8189081;25.21653668;0.494441896;1.59;2.221486502;111.0743251;13.22313394;0.259277136
Camarate;2200;Enebral;Norte;23;Refugio;0;15/04/2024;05/06/2024;51;3;8;0.165;0.646694363;32.33471814;4.041839767;0.07925176;0.542;2.994833389;149.7416695;22.48373416;0.440857533;1.73;3.494297006;174.7148503;26.23346101;0.514381588
Camarate;2200;Enebral;Norte;24;Control;0;15/04/2024;05/06/2024;51;1;9.02;0.189;0.798254176;39.91270881;4.424912284;0.086762986;1.049;6.152675529;307.6337764;38.55059855;0.755894089;1.9;4.993649896;249.6824948;31.28853318;0.613500651
Camarate;2200;Enebral;Norte;24;Control;0;15/04/2024;05/06/2024;51;2;10.26;0.118;0.356031707;17.80158534;1.735047305;0.034020535;0.65;3.66543366;183.271683;18.23598836;0.357568399;2.25;8.156300823;407.8150411;40.57861106;0.79565904
Camarate;2200;Enebral;Norte;24;Control;0;15/04/2024;05/06/2024;51;3;7.41;0.181;0.744273969;37.21369843;5.022091556;0.098472383;0.768;4.402471108;220.1235554;33.10128653;0.649044834;2.4;9.482766103;474.1383052;71.29899326;1.398019476
Camarate;2200;Enebral;Norte;25;Refugio;0;15/04/2024;05/06/2024;51;1;7.79;0.164;0.642542039;32.12710195;4.124146592;0.080865619;0.764;4.377557167;218.8778583;27.42830305;0.537809864;1.83;4.331907667;216.5953833;27.14227861;0.532201541
Camarate;2200;Enebral;Norte;25;Refugio;0;15/04/2024;05/06/2024;51;2;8.36;0.197;0.843929736;42.19648682;5.047426653;0.09896915;0.719;4.094161077;204.7080539;25.58850673;0.501735426;2.35;9.008815587;450.4407794;56.30509742;1.104021518
Camarate;2200;Enebral;Norte;25;Refugio;0;15/04/2024;05/06/2024;51;3;8.4;0.158;0.603094964;30.15474822;3.589850978;0.070389235;0.68;3.854364386;192.7182193;27.64967278;0.542150447;2.07;6.484060323;324.2030162;46.51406258;0.912040443
Camarate;2200;Enebral;Norte;26;Control;0;15/04/2024;05/06/2024;51;1;9.29;0.147;0.532505462;26.62527311;2.866014328;0.056196359;0.651;3.673738307;183.6869154;24.16933097;0.47390845;2.61;11.36664488;568.3322442;74.78055844;1.46628546
Camarate;2200;Enebral;Norte;26;Control;0;15/04/2024;05/06/2024;51;2;8.2;0.449;2.41558424;120.779212;14.72917219;0.288807298;1.153;6.802514181;340.125709;42.51571363;0.833641444;2.58;11.04173541;552.0867705;69.01084631;1.353153849
Camarate;2200;Enebral;Norte;26;Control;0;15/04/2024;05/06/2024;51;3;8.8;1.232;7.294564534;364.7282267;41.4463894;0.812674302;1.426;8.500814556;425.0407278;56.22231849;1.102398402;2.01;5.971955301;298.597765;39.49705887;0.774452135
Camarate;2200;Enebral;Norte;27;Refugio;0;15/04/2024;05/06/2024;51;1;7.41;0.124;0.39340262;19.67013099;2.654538595;0.052049776;1.161;6.852342065;342.6171032;41.83359014;0.820266473;1.85;4.522680201;226.1340101;27.61099024;0.541391966
Camarate;2200;Enebral;Norte;27;Refugio;0;15/04/2024;05/06/2024;51;2;7.6;0.112;0.318660794;15.9330397;2.096452592;0.041106914;1.548;9.258613623;462.9306811;56.45496111;1.106960022;1.9;5.027929336;251.3964668;30.65810571;0.601139328
Camarate;2200;Enebral;Norte;27;Refugio;0;15/04/2024;05/06/2024;51;3;7.2;0.097;0.22315735;11.1578675;1.549703819;0.030386349;1.436;8.563099411;428.1549705;54.89166289;1.076307115;1.55;1.86676882;93.338441;11.96646679;0.234636604
Canar;1700;Robledal;Sur;10;Refugio;0.725442196;23/04/2024;24/06/2024;62;1;7.38;0.152;0.56364789;28.18239448;3.81875264;0.061592785;1.684;10.10620669;505.3103344;61.62321152;0.993922766;2.61;11.37558735;568.7793673;69.36333747;1.118763508
Canar;1700;Robledal;Sur;10;Refugio;0.725442196;23/04/2024;24/06/2024;62;2;8;0.145;0.522124653;26.10623265;3.263279082;0.052633534;1.778;10.69116528;534.5582642;66.81978302;1.077738436;2.62;11.44712705;572.3563523;71.54454404;1.153944259
Canar;1700;Robledal;Sur;10;Refugio;0.725442196;23/04/2024;24/06/2024;62;3;7.8;0.145;0.520048491;26.00242456;3.333644175;0.053768454;1.712;10.28423757;514.2118783;55.89259546;0.901493475;2.57;10.99106146;549.5530728;59.73402965;0.963452091
Canar;1700;Robledal;Sur;114;Refugio;0.822925837;23/04/2024;24/06/2024;62;1;7.8;0.162;0.628008906;31.40044531;4.025698117;0.064930615;1.461;8.718811548;435.9405774;53.16348505;0.857475565;2.35;9.041604617;452.0802308;55.13173547;0.88922154
Canar;1700;Robledal;Sur;114;Refugio;0.822925837;23/04/2024;24/06/2024;62;2;8.2;0.141;0.499286873;24.96434365;3.044432152;0.049103744;1.619;9.704988416;485.2494208;67.39575289;1.087028272;2.46;10.00739057;500.3695287;69.49576787;1.120899482
Canar;1700;Robledal;Sur;114;Refugio;0.822925837;23/04/2024;24/06/2024;62;3;7.22;0.158;0.601018803;30.05094013;4.162180073;0.067131937;2.003;12.09153644;604.5768218;77.60934811;1.251763679;1.88;4.76263628;238.131814;30.56891065;0.493046946
Canar;1700;Robledal;Sur;12;Refugio;0.640656215;23/04/2024;24/06/2024;62;1;7.03;0.18;0.740121645;37.00608225;5.264023079;0.084903598;1.777;10.6849368;534.2468399;65.39129007;1.054698227;2.09;6.689736962;334.4868481;40.94086268;0.660336495
Canar;1700;Robledal;Sur;12;Refugio;0.640656215;23/04/2024;24/06/2024;62;2;8.2;0.165;0.644618201;32.23091004;3.930598786;0.063396755;1.368;8.139562398;406.9781199;49.63147804;0.80050771;2.06;6.454252115;322.7126057;39.35519582;0.634761223
Canar;1700;Robledal;Sur;12;Refugio;0.640656215;23/04/2024;24/06/2024;62;3;7.79;0.172;0.688217599;34.41087996;4.417314501;0.071247008;1.506;8.997017232;449.8508616;49.81737117;0.803505987;2.71;12.20127472;610.0637361;67.5596607;1.089671947
Canar;1700;Robledal;Sur;13;Control;0.003621479;23/04/2024;24/06/2024;62;1;8.4;0.4;2.112464613;105.6232306;12.57419412;0.202809583;1.178;6.958226318;347.9113159;40.40781834;0.651739006;2.08;6.57646577;328.8232885;38.19085813;0.615981583
Canar;1700;Robledal;Sur;13;Control;0.003621479;23/04/2024;24/06/2024;62;2;8.4;0.22;0.987184902;49.35924512;5.87610061;0.094775816;1.44;8.588013352;429.4006676;53.67508345;0.865727153;2.41;9.530459237;476.5229618;59.56537023;0.960731778
Canar;1700;Robledal;Sur;13;Control;0.003621479;23/04/2024;24/06/2024;62;3;8.8;0.138;0.478525255;23.92626274;2.718893493;0.043853121;1.546;9.248232814;462.4116407;62.48805955;1.007871928;2.58;11.05962034;552.9810168;74.72716443;1.205276846
Canar;1700;Robledal;Sur;16;Control;0.031152651;23/04/2024;24/06/2024;62;1;8.4;0.145;0.520048491;26.00242456;3.095526734;0.049927851;1.432;8.538185469;426.9092734;50.82253255;0.819718267;2.41;9.584114012;479.2057006;57.04829769;0.920133834
Canar;1700;Robledal;Sur;16;Control;0.031152651;23/04/2024;24/06/2024;62;2;8.4;0.15;0.551190919;27.55954593;3.280898325;0.052917715;1.565;9.3686502;468.43251;53.23096704;0.858563985;2.41;9.581133191;479.0566596;54.43825677;0.8780364
Canar;1700;Robledal;Sur;16;Control;0.031152651;23/04/2024;24/06/2024;62;3;7.8;0.149;0.544962433;27.24812166;3.493348931;0.056344338;1.81;10.89462914;544.7314571;69.8373663;1.126409134;2.61;11.29510518;564.7552591;72.4045204;1.167814845
Canar;1700;Robledal;Sur;9;Control;0.146584964;23/04/2024;24/06/2024;62;1;7.6;0.158;0.601018803;30.05094013;3.954071069;0.06377534;1.468;8.762410946;438.1205473;54.76506841;0.883307555;2.5;10.33826169;516.9130844;64.61413555;1.042163477
Canar;1700;Robledal;Sur;9;Control;0.146584964;23/04/2024;24/06/2024;62;2;7.22;0.151;0.561571728;28.07858639;3.889000885;0.062725821;1.759;10.57645734;528.8228671;67.79780348;1.093512959;2.5;10.32931923;516.4659613;66.21358478;1.067961045
Canar;1700;Robledal;Sur;9;Control;0.146584964;23/04/2024;24/06/2024;62;3;6.4;0.139;0.482677578;24.13387892;3.770918581;0.060821267;1.312;7.790767211;389.5383605;50.00492433;0.806531038;2.6;11.27423944;563.7119718;72.36353939;1.167153861
Canar;1800;Robledal;Sur;49;Control;0.43006552;23/04/2024;24/06/2024;62;1;8;0.154;0.576104861;28.80524303;3.600655379;0.058075087;1.204;7.118090779;355.9045389;44.48806737;0.717549474;2.39;9.378437373;468.9218687;58.61523358;0.945406993
Canar;1800;Robledal;Sur;49;Control;0.43006552;23/04/2024;24/06/2024;62;2;8;0.15;0.555343242;27.76716212;3.470895264;0.055982182;0.961;5.604568807;280.2284403;33.36052861;0.538073042;2.65;11.65578451;582.7892253;69.37966968;1.11902693
Canar;1800;Robledal;Sur;49;Control;0.43006552;23/04/2024;24/06/2024;62;3;8;0.345;1.76782175;88.39108748;11.04888593;0.178207838;1.416;8.438529701;421.926485;49.06121919;0.791309987;2.1;6.814335274;340.7167637;39.61822834;0.639003683
Canar;1800;Robledal;Sur;50;Refugio;0.76124272;23/04/2024;24/06/2024;62;1;8.19;0.159;0.60932345;30.46617249;3.719923381;0.059998764;1.71;10.26814731;513.4073656;65.82145712;1.061636405;1.76;3.695502414;184.7751207;23.68911804;0.382082549
Canar;1800;Robledal;Sur;50;Refugio;0.76124272;23/04/2024;24/06/2024;62;2;8;0.159;0.607247288;30.3623644;3.79529555;0.061214444;0.591;3.300029178;165.0014589;21.18118856;0.341632074;1.79;4.044258454;202.2129227;25.95801318;0.418677632
Canar;1800;Robledal;Sur;50;Refugio;0.76124272;23/04/2024;24/06/2024;62;3;8.4;0.164;0.638389715;31.91948577;3.799938782;0.061289335;0.784;4.504203038;225.2101519;31.19254181;0.503105513;2.59;11.12221757;556.1108787;77.0236674;1.242317216
Canar;1800;Robledal;Sur;51;Control;0.388082823;23/04/2024;24/06/2024;62;1;7.79;0.16;0.617628097;30.88140486;3.964236824;0.063939304;1.681;10.08907835;504.4539177;59.00045821;0.951620294;1.69;3.091886191;154.5943096;18.0812058;0.291632352
Canar;1800;Robledal;Sur;51;Control;0.388082823;23/04/2024;24/06/2024;62;2;8.61;0.177;0.719360027;35.96800133;4.177468215;0.06737852;1.564;9.362421714;468.1210857;58.51513571;0.943792512;2.29;8.508037684;425.4018842;53.17523552;0.857665089
Canar;1800;Robledal;Sur;51;Control;0.388082823;23/04/2024;24/06/2024;62;3;7.74;0.154;0.576104861;28.80524303;3.721607627;0.060025929;1.383;8.235065842;411.7532921;50.27512724;0.810889149;1.79;4.001036552;200.0518276;24.42635257;0.393973429
Canar;1800;Robledal;Sur;52;Refugio;0.293132894;23/04/2024;24/06/2024;62;1;8.8;0.151;0.559495566;27.9747783;3.178952079;0.051273421;1.625;9.742359328;487.1179664;60.8897458;0.982092674;1.84;4.439217217;221.9608609;27.74510761;0.447501736
Canar;1800;Robledal;Sur;52;Refugio;0.293132894;23/04/2024;24/06/2024;62;2;7.56;0.16;0.617628097;30.88140486;4.084841912;0.065884547;1.578;9.445468187;472.2734094;57.59431821;0.928940616;1.84;4.44815968;222.407984;27.12292488;0.43746653
Canar;1800;Robledal;Sur;52;Refugio;0.293132894;23/04/2024;24/06/2024;62;3;8;0.479;2.602438804;130.1219402;16.26524253;0.262342621;1.5;8.961722481;448.0861241;56.01076551;0.903399444;1.86;4.665759602;233.2879801;29.16099751;0.47033867
Canar;1800;Robledal;Sur;53;Control;0.0356836;23/04/2024;24/06/2024;62;1;8.17;0.141;0.495134549;24.75672747;3.0301992;0.048874181;1.853;11.16037786;558.0188928;66.43082057;1.071464848;1.93;5.215422968;260.7711484;31.04418433;0.500712651
Canar;1800;Robledal;Sur;53;Control;0.0356836;23/04/2024;24/06/2024;62;2;8;0.149;0.549114757;27.45573784;3.43196723;0.05535431;1.157;6.827428123;341.3714061;42.67142577;0.688248803;2.29;8.481210296;424.0605148;53.00756435;0.854960715
Canar;1800;Robledal;Sur;53;Control;0.0356836;23/04/2024;24/06/2024;62;3;6.66;0.13;0.428697371;21.43486854;3.21844873;0.051910463;1.837;11.06072209;553.0361044;58.52233909;0.943908695;2.22;7.83139135;391.5695675;41.43593307;0.668321501
Canar;1800;Robledal;Sur;54;Refugio;0.677412767;23/04/2024;24/06/2024;62;1;7.8;0.133;0.445306666;22.26533327;2.854529907;0.046040805;1.563;9.351002824;467.5501412;63.09718505;1.017696533;1.81;4.153058415;207.6529208;28.02333614;0.451989293
Canar;1800;Robledal;Sur;54;Refugio;0.677412767;23/04/2024;24/06/2024;62;2;8;0.191;0.806558823;40.32794117;5.040992646;0.081306333;1.394;8.303579182;415.1789591;51.89736989;0.837054353;1.76;3.729781854;186.4890927;23.31113659;0.375986074
Canar;1800;Robledal;Sur;54;Refugio;0.677412767;23/04/2024;24/06/2024;62;3;8;0.145;0.522124653;26.10623265;3.263279082;0.052633534;1.708;10.25600176;512.8000882;69.20379058;1.116190171;1.66;2.799765747;139.9882874;18.89180666;0.304706559
Canar;1900;Robledal;Sur;55;Control;0.30693525;24/04/2024;25/06/2024;62;1;10.32;0.681;3.85851671;192.9258355;18.6943639;0.301521998;1.642;9.84616742;492.308371;46.62011089;0.751937272;1.64;2.617935675;130.8967838;12.39552877;0.199927883
Canar;1900;Robledal;Sur;55;Control;0.30693525;24/04/2024;25/06/2024;62;2;7.2;0.144;0.515896168;25.79480838;3.582612275;0.057784069;1.835;11.05034128;552.517064;100.2753292;1.61734402;1.64;2.6358206;131.79103;23.91851724;0.385782536
Canar;1900;Robledal;Sur;55;Control;0.30693525;24/04/2024;25/06/2024;62;3;;Sin resina;;;;;1.439;8.583861029;429.1930514;52.34061603;0.844203484;1.59;2.236390606;111.8195303;13.63652808;0.219944001
Canar;1900;Robledal;Sur;56;Refugio;0.670424821;24/04/2024;25/06/2024;62;1;7.8;0.18;0.740121645;37.00608225;4.744369519;0.076522089;1.563;9.356193229;467.8096614;54.33329401;0.876343452;1.61;2.361585082;118.0792541;13.71419908;0.221196759
Canar;1900;Robledal;Sur;56;Refugio;0.670424821;24/04/2024;25/06/2024;62;2;9.89;0.18;0.740121645;37.00608225;3.741767669;0.060351091;1.84;11.07940755;553.9703773;51.29355345;0.827315378;1.57;2.051579713;102.5789856;9.498054226;0.153194423
Canar;1900;Robledal;Sur;56;Refugio;0.670424821;24/04/2024;25/06/2024;62;3;8.61;0.178;0.727664674;36.3832337;4.225694971;0.068156371;1.661;9.966584806;498.3292403;45.13851814;0.728040615;1.57;1.991963296;99.59816479;9.021572898;0.14550924
Canar;1900;Piornal;Sur;57;Refugio;0.283975764;24/04/2024;25/06/2024;62;1;11.44;0.206;0.902062268;45.10311337;3.94257984;0.063589997;1.844;11.10307579;555.1537895;44.69837275;0.720941496;1.64;2.66860963;133.4304815;10.74319497;0.173277338
Canar;1900;Piornal;Sur;57;Refugio;0.283975764;24/04/2024;25/06/2024;62;2;9.02;0.225;1.022479653;51.12398267;5.667847303;0.091416892;1.869;11.25899554;562.9497772;74.46425624;1.201036391;1.64;2.683513734;134.1756867;17.74810671;0.286259786
Canar;1900;Piornal;Sur;57;Refugio;0.283975764;24/04/2024;25/06/2024;62;3;7.2;0.17;0.675760628;33.78803142;4.692782141;0.075690035;1.968;11.87665369;593.8326844;68.97011433;1.112421199;1.66;2.805727389;140.2863695;16.2934227;0.26279714
Canar;1900;Robledal;Sur;58;Control;0.05761775;24/04/2024;25/06/2024;62;1;11.04;0.226;1.026631977;51.33159886;4.649601346;0.07499357;1.714;10.29212698;514.606349;45.62113023;0.735824681;1.67;2.945825969;147.2912985;13.05773923;0.210608697
Canar;1900;Robledal;Sur;58;Control;0.05761775;24/04/2024;25/06/2024;62;2;7.41;0.167;0.661227496;33.06137478;4.461723991;0.07196329;2.085;12.60227225;630.1136123;110.5462478;1.783003996;1.7;3.151502608;157.5751304;27.64475972;0.445883221
Canar;1900;Robledal;Sur;58;Control;0.05761775;24/04/2024;25/06/2024;62;3;8;0.278;1.350513222;67.52566111;8.440707639;0.136140446;1.035;6.065476732;303.2738366;26.88597842;0.433644813;2.2;7.667446203;383.3723101;33.98690693;0.548175918
Canar;1900;Robledal;Sur;59;Refugio;0.600574463;24/04/2024;25/06/2024;62;1;8;0.184;0.762959425;38.14797125;4.768496407;0.076911232;1.355;8.061083481;403.054174;54.46678027;0.878496456;1.66;2.832554777;141.6277388;19.13888363;0.308691671
Canar;1900;Robledal;Sur;59;Refugio;0.600574463;24/04/2024;25/06/2024;62;2;11.44;0.189;0.794101853;39.70509262;3.47072488;0.055979434;1.85;11.1416924;557.08462;53.98106783;0.870662384;1.49;1.330221066;66.51105331;6.444869507;0.103949508
Canar;1900;Robledal;Sur;59;Refugio;0.600574463;24/04/2024;25/06/2024;62;3;8.8;0.179;0.731816998;36.59084988;4.158051123;0.067065341;1.831;11.02127501;551.0637507;69.5787564;1.122238006;1.69;3.085924549;154.2962275;19.4818469;0.314223337
Canar;1900;Piornal;Sur;60;Refugio;0.004152135;24/04/2024;25/06/2024;62;1;7.56;0.174;0.702750732;35.1375366;4.647822302;0.074964876;2.03;12.26074363;613.0371813;92.8844214;1.498135829;1.85;4.539074716;226.9537358;34.38692967;0.554627898
Canar;1900;Piornal;Sur;60;Refugio;0.004152135;24/04/2024;25/06/2024;62;2;8;0.182;0.754654778;37.73273889;4.716592361;0.07607407;1.869;11.26003362;563.0016812;60.93091788;0.98275674;1.72;3.351217605;167.5608803;18.1342944;0.292488619
Canar;1900;Piornal;Sur;60;Refugio;0.004152135;24/04/2024;25/06/2024;62;3;9.43;0.215;0.956042475;47.80212375;5.069154162;0.081760551;1.902;11.46557365;573.2786823;71.65983528;1.155803795;1.73;3.425141963;171.2570981;21.40713727;0.345276408
Canar;1900;Robledal;Sur;61;Control;0.210915544;24/04/2024;25/06/2024;62;1;8.61;0.21;0.926976209;46.34881047;5.383137105;0.086824792;0.785;4.510431523;225.5215762;28.95013815;0.466937712;2.71;12.2549295;612.7464749;78.65808407;1.268678775
Canar;1900;Robledal;Sur;61;Control;0.210915544;24/04/2024;25/06/2024;62;2;7.6;0.199;0.858462869;42.92314346;5.647782034;0.091093259;1.837;11.05760785;552.8803923;65.81909432;1.061598296;2.66;11.81376801;590.6884006;70.32004769;1.134194318
Canar;1900;Robledal;Sur;61;Control;0.210915544;24/04/2024;25/06/2024;62;3;7.22;0.201;0.87091984;43.545992;6.031300832;0.097279046;1.523;9.102901486;455.1450743;55.57326914;0.896343051;2;5.853616713;292.6808356;35.73636577;0.576392996
Canar;1900;Robledal;Sur;62;Refugio;0.592024705;24/04/2024;25/06/2024;62;1;7.8;0.192;0.816939633;40.84698163;5.236792516;0.084464395;1.249;7.395258383;369.7629191;66.26575612;1.068802518;2.49;10.24585624;512.2928121;91.80874769;1.480786253
Canar;1900;Robledal;Sur;62;Refugio;0.592024705;24/04/2024;25/06/2024;62;2;7.8;0.169;0.671608305;33.58041523;4.30518144;0.06943841;1.654;9.920909246;496.0454623;60.56721151;0.976890508;1.87;4.72835684;236.417842;28.86664738;0.465591087
Canar;1900;Robledal;Sur;62;Refugio;0.592024705;24/04/2024;25/06/2024;62;3;7.79;0.202;0.879224487;43.96122437;5.643289393;0.091020797;1.361;8.093886838;404.6943419;70.99900735;1.14514528;1.53;1.634264793;81.71323966;14.33565608;0.231220259
Canar;1900;Piornal;Sur;63;Refugio;0;24/04/2024;25/06/2024;62;1;9.43;0.194;0.827320442;41.36602209;4.38664073;0.07075227;1.763;10.59981416;529.9907082;63.09413192;1.017647289;1.36;0.1915475;9.577374987;1.140163689;0.018389737
Canar;1900;Piornal;Sur;63;Refugio;0;24/04/2024;25/06/2024;62;2;6.84;0.191;0.808634985;40.43174926;5.911074454;0.095339911;1.732;10.40465495;520.2327476;59.11735768;0.953505769;1.52;1.544840168;77.24200838;8.777500953;0.141572596
Canar;1900;Piornal;Sur;63;Refugio;0;24/04/2024;25/06/2024;62;3;9.2;0.209;0.918671562;45.93357811;4.992780229;0.080528713;1.886;11.36591788;568.2958939;83.57292557;1.347950412;1.69;3.127656041;156.3828021;22.99747089;0.37092695
Canar;2000;Piornal;Sur;3;Refugio;0;23/04/2024;24/06/2024;62;1;8.36;0.124;0.391326458;19.5663229;2.340469246;0.037749504;1.296;7.691111443;384.5555722;49.36528526;0.796214278;2.33;8.865736186;443.2868093;56.90459683;0.917816078
Canar;2000;Piornal;Sur;3;Refugio;0;23/04/2024;24/06/2024;62;2;7.6;0.115;0.333193927;16.65969634;2.192065308;0.035355892;2.115;12.79431721;639.7158607;76.15665009;1.228333066;1.82;4.278252891;213.9126446;25.46579102;0.410738565
Canar;2000;Piornal;Sur;3;Refugio;0;23/04/2024;24/06/2024;62;3;7.6;0.194;0.827320442;41.36602209;5.442897643;0.087788672;1.549;9.26691827;463.3459135;53.81485639;0.867981555;1.75;3.676127079;183.8063539;21.34800859;0.344322719
Canar;2000;Piornal;Sur;39;Control;0;23/04/2024;24/06/2024;62;1;8.4;0.131;0.434925856;21.74629282;2.588844383;0.041755555;0.899;5.215288464;260.7644232;38.12345368;0.614894414;1.41;0.623766524;31.18832618;4.55969681;0.073543497
Canar;2000;Piornal;Sur;39;Control;0;23/04/2024;24/06/2024;62;2;8;0.15;0.550775686;27.53878431;3.442348039;0.055521743;1.468;8.761165249;438.0582624;54.75728281;0.883181981;1.56;1.93830852;96.91542602;12.11442825;0.195394004
Canar;2000;Piornal;Sur;39;Control;0;23/04/2024;24/06/2024;62;3;7.4;0.1;0.243918968;12.19594841;1.648101137;0.026582276;1.91;11.51415583;575.7077916;70.46606996;1.136549516;1.53;1.675996285;83.79981426;10.25701521;0.165435729
Canar;2000;Piornal;Sur;35;Refugio;0;23/04/2024;24/06/2024;62;1;8.2;0.154;0.580257184;29.01285921;3.538153562;0.057066993;1.599;9.576266382;478.8133191;57.00158561;0.919380413;1.87;4.740280124;237.0140062;28.21595312;0.455096018
Canar;2000;Piornal;Sur;35;Refugio;0;23/04/2024;24/06/2024;62;2;7.6;0.144;0.516934249;25.84671243;3.400883214;0.054852955;1.731;10.40205975;520.1029875;65.01287343;1.048594733;2.38;9.238338793;461.9169397;57.73961746;0.931284153
Canar;2000;Piornal;Sur;35;Refugio;0;23/04/2024;24/06/2024;62;3;;;;;;;0.996;5.819451556;290.9725778;40.41285803;0.651820291;1.5;1.368971737;68.44858686;9.506748175;0.153334648
Canar;2000;Piornal;Sur;36;Control;0;23/04/2024;24/06/2024;62;1;8.4;0.125;0.397554943;19.87774717;2.366398473;0.038167717;1.332;7.91533692;395.766846;50.80447317;0.819426987;1.63;2.555338437;127.7669219;16.40140204;0.264538743
Canar;2000;Piornal;Sur;36;Control;0;23/04/2024;24/06/2024;62;2;7.2;0.13;0.428697371;21.43486854;2.977065075;0.048017179;0.891;5.170650985;258.5325492;30.77768443;0.496414265;1.57;2.009848221;100.492411;11.96338227;0.192957779
Canar;2000;Piornal;Sur;36;Control;0;23/04/2024;24/06/2024;62;3;8.4;0.162;0.625932744;31.29663722;3.725790146;0.060093389;1.173;6.925007729;346.2503864;46.72744756;0.753668509;1.47;1.166275919;58.31379596;7.869608091;0.126929163
Canar;2000;Piornal;Sur;37;Refugio;0;23/04/2024;24/06/2024;62;1;7.22;0.132;0.43907818;21.953909;3.040707618;0.049043671;1.503;8.980407938;449.0203969;59.08163117;0.952929535;1.57;2.0068674;100.34337;13.203075;0.212952823
Canar;2000;Piornal;Sur;37;Refugio;0;23/04/2024;24/06/2024;62;2;7.79;0.163;0.636313554;31.81567768;4.08416915;0.065873696;1.841;11.08563603;554.2818015;67.59534165;1.090247446;1.7;3.239436823;161.9718412;19.75266356;0.318591348
Canar;2000;Piornal;Sur;37;Refugio;0;23/04/2024;24/06/2024;62;3;7.2;0.131;0.434925856;21.74629282;3.020318447;0.048714814;1.86;11.20086301;560.0431506;75.57937255;1.219022138;1.55;1.845903074;92.2951537;12.45548633;0.200894941
Canar;2000;Piornal;Sur;38;Control;0;23/04/2024;24/06/2024;62;1;8.2;0.13;0.426621209;21.33106045;2.601348835;0.041957239;1.809;10.88424833;544.2124167;73.44297121;1.184564052;1.46;1.076851294;53.84256468;7.26620306;0.117196824
Canar;2000;Piornal;Sur;38;Control;0;23/04/2024;24/06/2024;62;2;7.02;0.138;0.476449093;23.82245464;3.393512058;0.054734065;1.964;11.85381591;592.6907953;74.08634942;1.19494112;1.47;1.109640323;55.48201615;6.935252018;0.111858904
Canar;2000;Piornal;Sur;38;Control;0;23/04/2024;24/06/2024;62;3;7.22;0.143;0.50759152;25.37957601;3.515176733;0.056696399;1.857;11.1865375;559.3268748;73.59564142;1.187026474;1.49;1.285508753;64.27543767;8.45729443;0.136407975
Finana;1500;Encinar;Norte;Collar_1-3;Control;0.054205783;11/04/2024;04/06/2024;54;1;9.6;0.173;0.694446085;34.72230424;3.616906691;0.066979754;0.964;5.625330425;281.2665212;30.04984201;0.556478556;1.69;3.130636862;156.5318431;16.72348751;0.309694213
Finana;1500;Encinar;Norte;Collar_1-3;Control;0.054205783;11/04/2024;04/06/2024;54;2;8.8;0.451;2.428041211;121.4020605;13.7956887;0.255475717;0.706;4.013190766;200.6595383;25.08244229;0.464489672;1.83;4.325946025;216.2973012;27.03716266;0.500688197
Finana;1500;Encinar;Norte;Collar_1-3;Control;0.054205783;11/04/2024;04/06/2024;54;3;9.45;0.193;0.819015794;40.95078972;4.333416902;0.080248461;0.603;3.371656761;168.5828381;18.68989335;0.346109136;1.65;2.737168509;136.8584255;15.17277444;0.280977305
Finana;1500;Encinar;Norte;Collar_4-6;Refugio;0.093623552;11/04/2024;04/06/2024;54;1;7.56;0.144;0.517972329;25.89861647;3.425742919;0.063439684;1.69;10.14513472;507.2567361;54.19409574;1.003594366;1.86;4.632970573;231.6485286;24.74877443;0.458310638
Finana;1500;Encinar;Norte;Collar_4-6;Refugio;0.093623552;11/04/2024;04/06/2024;54;2;6.48;0.163;0.636313554;31.81567768;4.909826802;0.090922719;0.482;2.621124261;131.056213;20.22472423;0.37453193;1.78;3.908631105;195.4315553;30.15919063;0.55850353
Finana;1500;Encinar;Norte;Collar_4-6;Refugio;0.093623552;11/04/2024;04/06/2024;54;3;8.6;0.157;0.596866479;29.84332394;3.470153947;0.06426211;0.64;3.605224967;180.2612483;22.58912886;0.418317201;1.54;1.747535986;87.37679929;10.9494736;0.20276803
Finana;1500;Encinar;Norte;Collar_7-9;Control;0;11/04/2024;04/06/2024;54;1;9.6;0.147;0.534581624;26.7290812;2.784279292;0.051560728;1.907;11.49671607;574.8358036;80.50921619;1.490911411;1.67;2.963710894;148.1855447;20.75427797;0.384338481
Finana;1500;Encinar;Norte;Collar_7-9;Control;0;11/04/2024;04/06/2024;54;2;6.48;0.148;0.542886271;27.14431357;4.188937279;0.077572913;2.023;12.21610615;610.8053073;89.29902153;1.653685584;1.6;2.322834411;116.1417205;16.9797837;0.314440439
Finana;1500;Encinar;Norte;Collar_7-9;Control;0;11/04/2024;04/06/2024;54;3;8.32;0.139;0.482677578;24.13387892;2.900706601;0.053716789;0.771;4.423232727;221.1616363;22.89457933;0.423973691;1.54;1.777344194;88.86720972;9.199504111;0.170361187
Finana;1500;Encinar;Norte;Collar_10-12;Refugio;0.140077942;11/04/2024;04/06/2024;54;1;6.84;0.142;0.501363035;25.06815174;3.664934465;0.067869157;0.819;4.720123868;236.0061934;36.42070886;0.674457572;1.7;3.181310817;159.0655408;24.54715136;0.454576877
Finana;1500;Encinar;Norte;Collar_10-12;Refugio;0.140077942;11/04/2024;04/06/2024;54;2;9.6;0.161;0.623856583;31.19282913;3.249253034;0.060171352;1.406;8.376244846;418.8122423;46.53469359;0.861753585;1.8;4.051710506;202.5855253;22.50950281;0.416842645
Finana;1500;Encinar;Norte;Collar_10-12;Refugio;0.140077942;11/04/2024;04/06/2024;54;3;8;0.144;0.517972329;25.89861647;3.237327059;0.059950501;1.209;7.149233206;357.4616603;43.80657602;0.811232889;1.82;4.230559758;211.5279879;25.92254753;0.480047177
Finana;1500;Encinar;Norte;Collar_13-15;Control;0;11/04/2024;04/06/2024;54;1;9.45;0.158;0.603094964;30.15474822;3.190978647;0.059092197;1.112;6.541955872;327.0977936;38.43687351;0.711793954;1.71;3.29756283;164.8781415;19.37463472;0.358789532
Finana;1500;Encinar;Norte;Collar_13-15;Control;0;11/04/2024;04/06/2024;54;2;7.6;0.146;0.5304293;26.52146502;3.48966645;0.064623453;0.711;4.047447436;202.3723718;25.94517587;0.48046622;1.68;2.996499924;149.8249962;19.20833284;0.355709868
Finana;1500;Encinar;Norte;Collar_13-15;Control;0;11/04/2024;04/06/2024;54;3;8;0.129;0.424545047;21.22725236;2.653406545;0.049137158;0.999;5.839694133;291.9847067;37.43393675;0.693221051;1.72;3.384006635;169.2003317;21.69235022;0.401710189
Finana;1500;Encinar;Norte;Collar_16-18;Refugio;0.089204767;11/04/2024;04/06/2024;54;1;7.6;0.34;1.73460316;86.73015801;11.4118629;0.211330794;1.476;8.809124587;440.4562294;57.95476702;1.073236426;1.83;4.376619979;218.830999;28.7935525;0.533213935
Finana;1500;Encinar;Norte;Collar_16-18;Refugio;0.089204767;11/04/2024;04/06/2024;54;2;6.63;0.142;0.505515359;25.27576792;3.81233302;0.07059876;0.657;3.707994977;185.3997489;24.3947038;0.451753774;1.75;3.679107899;183.955395;24.20465723;0.448234393
Finana;1500;Encinar;Norte;Collar_16-18;Refugio;0.089204767;11/04/2024;04/06/2024;54;3;6.48;0.129;0.422468885;21.12344427;3.259790782;0.060366496;0.875;5.066842893;253.3421447;36.34750999;0.673102037;1.62;2.442067245;122.1033622;17.51841639;0.324415118
Hortichuela;1300;Robledal;Norte;29;Control;0.489934459;18/04/2024;11/06/2024;54;1;8.58;0.183;0.75673094;37.83654698;4.40985396;0.081663962;0.907;5.26823059;263.4115295;30.70064447;0.568530453;1.43;0.817519879;40.87599396;4.76410186;0.088224109
Hortichuela;1300;Robledal;Norte;29;Control;0.489934459;18/04/2024;11/06/2024;54;2;8.8;0.171;0.681989114;34.09945569;3.874938147;0.071758114;1.599;9.578342544;478.9171272;55.62335972;1.030062217;1.42;0.662517195;33.12585974;3.847370469;0.071247601
Hortichuela;1300;Robledal;Norte;29;Control;0.489934459;18/04/2024;11/06/2024;54;3;8;0.183;0.760883263;38.04416316;4.755520395;0.088065193;1.608;9.632322752;481.6161376;64.99543017;1.203619077;1.33;-0.082688019;-4.134400943;-0.557948845;-0.010332386
Hortichuela;1300;Robledal;Norte;30;Refugio;0.790612937;18/04/2024;11/06/2024;54;1;8.4;0.18;0.737007402;36.85037011;4.386948823;0.081239793;1.493;8.916046921;445.8023461;57.15414693;1.058410128;1.42;0.734056895;36.70284476;4.705492918;0.087138758
Hortichuela;1300;Robledal;Norte;30;Refugio;0.790612937;18/04/2024;11/06/2024;54;2;7.8;0.166;0.650846686;32.54233432;4.172094143;0.077261003;1.802;10.84480126;542.2400629;67.78000787;1.255185331;1.37;0.22731735;11.3658675;1.420733437;0.026309878
Hortichuela;1300;Robledal;Norte;30;Refugio;0.790612937;18/04/2024;11/06/2024;54;3;7.79;0.24;1.115076471;55.75382355;7.157101868;0.132538924;1.797;10.81158267;540.5791335;64.66257578;1.197455107;1.42;0.692325403;34.61627016;4.140702173;0.07667967
Hortichuela;1300;Robledal;Norte;31;Control;0.051828675;18/04/2024;11/06/2024;54;1;8;0.139;0.485999437;24.29997186;3.037496483;0.056249935;1.457;8.692340484;434.6170242;60.36347559;1.11784214;1.42;0.683382941;34.16914704;4.745714866;0.087883609
Hortichuela;1300;Robledal;Norte;31;Control;0.051828675;18/04/2024;11/06/2024;54;2;8.8;0.145;0.520048491;26.00242456;2.954820973;0.054718907;1.395;8.305655344;415.2827672;48.23260943;0.893196471;1.4;0.555207644;27.7603822;3.224202346;0.059707451
Hortichuela;1300;Robledal;Norte;31;Control;0.051828675;18/04/2024;11/06/2024;54;3;8;0.155;0.581295265;29.06476326;3.633095407;0.067279545;1.699;10.20326725;510.1633627;61.61393269;1.140998754;1.31;-0.306249583;-15.31247915;-1.84933323;-0.034246912
Hortichuela;1300;Robledal;Norte;32;Refugio;0.673286027;18/04/2024;11/06/2024;54;1;7.8;0.155;0.582333346;29.1166673;3.732906065;0.06912789;1.471;8.779020241;438.951012;56.27577077;1.042143903;1.35;0.084237949;4.211897449;0.539986853;0.009999757
Hortichuela;1300;Robledal;Norte;32;Refugio;0.673286027;18/04/2024;11/06/2024;54;2;7.8;0.16;0.617628097;30.88140486;3.959154469;0.073317675;0.797;4.58185149;229.0925745;31.73027348;0.587597657;1.25;-0.830874053;-41.54370267;-5.753975439;-0.106555101
Hortichuela;1300;Robledal;Norte;32;Refugio;0.673286027;18/04/2024;11/06/2024;54;3;8;0.163;0.635483089;31.77415444;3.971769305;0.073551283;1.617;9.690455283;484.5227641;63.75299528;1.180611024;1.31;-0.258556449;-12.92782246;-1.701029272;-0.031500542
Hortichuela;1300;Robledal;Norte;33;Control;0.264723466;18/04/2024;11/06/2024;54;1;8;0.156;0.588561832;29.42809158;3.678511447;0.068120582;1.405;8.367940199;418.3970099;53.6406423;0.993345228;1.34;-0.049898989;-2.494949473;-0.319865317;-0.005923432
Hortichuela;1300;Robledal;Norte;33;Control;0.264723466;18/04/2024;11/06/2024;54;2;7.8;0.222;1.003794197;50.18970985;6.434578186;0.119158855;1.179;6.962378642;348.1189321;39.46926668;0.730912346;1.45;0.978484205;48.92421027;5.546962615;0.10272153
Hortichuela;1300;Robledal;Norte;65;Refugio;0.664800287;18/04/2024;11/06/2024;54;1;7.8;0.151;0.559495566;27.9747783;3.586510038;0.066416853;1.478;8.826771963;441.3385981;61.29702752;1.135130139;1.41;0.585015853;29.25079263;4.062610087;0.07523352
Hortichuela;1300;Robledal;Norte;65;Refugio;0.664800287;18/04/2024;11/06/2024;54;2;7.41;0.171;0.684065276;34.20326378;4.615825072;0.085478242;1.378;8.203923414;410.1961707;48.83287747;0.904312546;1.52;1.601475764;80.07378819;9.532593833;0.176529515
Hortichuela;1300;Robledal;Norte;65;Refugio;0.664800287;18/04/2024;11/06/2024;54;3;7.41;0.215;0.960194799;48.00973993;6.479047224;0.119982356;1.163;6.860646712;343.0323356;43.31216359;0.802077104;1.68;3.035250595;151.7625297;19.16193557;0.354850659
Nacimiento;1200;Pinar_ha;Norte;Collar_1-4;Refugio;0.544344462;11/04/2024;04/06/2024;54;1;9.36;0.195;0.835625089;41.78125445;4.463809236;0.082663134;1.53;9.150134167;457.5067084;42.99875079;0.796273163;1.58;2.120138593;106.0069296;9.963057296;0.184501061
Nacimiento;1200;Pinar_ha;Norte;Collar_1-4;Refugio;0.544344462;11/04/2024;04/06/2024;54;2;9.2;0.186;0.777492558;38.87462789;4.225503032;0.078250056;1.749;10.50950112;525.4750562;59.17511894;1.095835536;1.46;1.008292414;50.41462069;5.67732215;0.105135595
Nacimiento;1200;Pinar_ha;Norte;Collar_1-4;Refugio;0.544344462;11/04/2024;04/06/2024;54;3;12;0.214;0.94981399;47.49069948;3.95755829;0.073288116;1.53;9.146500884;457.3250442;45.36954804;0.840176816;1.55;1.860807178;93.04035891;9.230194336;0.170929525
Nacimiento;1200;Pinar_ha;Norte;Collar_5-8;Control;0.730136627;11/04/2024;04/06/2024;54;1;7.59;0.205;0.895833782;44.7916891;5.901408314;0.109285339;1.691;10.15136321;507.5681604;57.15857662;1.05849216;1.66;2.80870821;140.4354105;15.81479848;0.292866639
Nacimiento;1200;Pinar_ha;Norte;Collar_5-8;Control;0.730136627;11/04/2024;04/06/2024;54;2;8.97;0.195;0.831472765;41.57363827;4.634742282;0.085828561;1.346;8.000978596;400.0489298;46.62574939;0.863439804;1.67;2.924960223;146.2480112;17.04522275;0.315652273
Nacimiento;1200;Pinar_ha;Norte;Collar_5-8;Control;0.730136627;11/04/2024;04/06/2024;54;3;10.5;0.214;0.951890151;47.59450757;4.532810244;0.08394093;1.411;8.408425354;420.4212677;52.55265846;0.973197379;1.61;2.382450828;119.1225414;14.89031767;0.275746624
Nacimiento;1200;Pinar_ha;Norte;Collar_9-12;Refugio;0.344418743;11/04/2024;04/06/2024;54;1;10;0.19;0.8024065;40.12032499;4.012032499;0.074296898;1.812;10.90500995;545.2504976;51.92861882;0.961641089;1.6;2.334757694;116.7378847;11.11789378;0.205886922
Nacimiento;1200;Pinar_ha;Norte;Collar_9-12;Refugio;0.344418743;11/04/2024;04/06/2024;54;2;9.84;0.189;0.798254176;39.91270881;4.056169594;0.075114252;1.895;11.42405041;571.2025204;53.58372612;0.992291224;1.34;-0.064803094;-3.240154687;-0.303954473;-0.005628787
Nacimiento;1200;Pinar_ha;Norte;Collar_9-12;Refugio;0.344418743;11/04/2024;04/06/2024;54;3;10;0.177;0.72351235;36.17561752;3.617561752;0.066991884;1.879;11.32231848;566.115924;54.43422346;1.008041175;1.59;2.200620756;110.0310378;10.57990748;0.195924213
Nacimiento;1200;Pinar_ha;Norte;Collar_13-16;Control;0.644406257;11/04/2024;04/06/2024;54;1;8.28;0.18;0.742197807;37.10989034;4.481870814;0.082997608;1.68;10.07973563;503.9867813;62.99834766;1.166636068;1.65;2.734187689;136.7093844;17.08867305;0.316456908
Nacimiento;1200;Pinar_ha;Norte;Collar_13-16;Control;0.644406257;11/04/2024;04/06/2024;54;2;8.61;0.193;0.821091956;41.05459781;4.768245971;0.088300851;1.507;9.00231886;450.115943;53.58523131;0.992319098;1.6;2.313891948;115.6945974;13.77316636;0.255058636
Nacimiento;1200;Pinar_ha;Norte;Collar_13-16;Control;0.644406257;11/04/2024;04/06/2024;54;3;9.36;0.207;0.910366915;45.51834574;4.863071126;0.090056873;1.737;10.4399497;521.9974851;57.23656635;1.059936414;1.46;1.079832114;53.99160572;5.920132206;0.109632078
Nacimiento;1200;Pinar_ha;Norte;Collar_17-20;Refugio;0.316406647;11/04/2024;04/06/2024;54;1;9.68;0.194;0.829396604;41.46983018;4.284073365;0.079334692;1.686;10.11814462;505.907231;48.18164104;0.892252612;1.62;2.49572202;124.786101;11.88439057;0.220081307
Nacimiento;1200;Pinar_ha;Norte;Collar_17-20;Refugio;0.316406647;11/04/2024;04/06/2024;54;2;9.5;0.196;0.837701251;41.88506254;4.408953952;0.081647295;0.799;4.595554158;229.7777079;24.18712715;0.447909762;1.74;3.521124394;176.0562197;18.53223365;0.343189512
Nacimiento;1200;Pinar_ha;Norte;Collar_17-20;Refugio;0.316406647;11/04/2024;04/06/2024;54;3;8.58;0.176;0.713131541;35.65657706;4.155778212;0.076958856;1.508;9.012796062;450.6398031;56.32997539;1.043147692;1.64;2.614954854;130.7477427;16.34346784;0.302656812
Nacimiento;1200;Pinar_ha;Norte;Collar_21-24;Control;0.542004918;11/04/2024;04/06/2024;54;1;9;0.185;0.771264072;38.56320362;4.284800402;0.079348156;1.39;8.2781462;413.90731;45.88772838;0.849772748;1.7;3.151502608;157.5751304;17.46952665;0.323509753
Nacimiento;1200;Pinar_ha;Norte;Collar_21-24;Control;0.542004918;11/04/2024;04/06/2024;54;2;10.29;0.2;0.866767516;43.33837582;4.211698331;0.077994414;1.524;9.10809189;455.4045945;59.92165717;1.109660318;1.74;3.592664095;179.6332047;23.63594799;0.437702741
Nacimiento;1200;Pinar_ha;Norte;Collar_21-24;Control;0.542004918;11/04/2024;04/06/2024;54;3;8.58;0.199;0.860539031;43.02695155;5.014796218;0.092866597;1.35;8.024335416;401.2167708;45.59281487;0.844311386;1.67;2.892171194;144.6085597;16.43279087;0.304310942
Portugos;1700;Pinar_sy;Sur;Collar_1-4;Refugio;0.713809552;24/04/2024;25/06/2024;62;1;7.41;0.148;0.538733948;26.93669738;3.635181833;0.058631965;1.63;9.768311351;488.4155676;61.05194595;0.984708806;1.98;5.723951006;286.1975503;35.77469379;0.57701119
Portugos;1700;Pinar_sy;Sur;Collar_1-4;Refugio;0.713809552;24/04/2024;25/06/2024;62;2;8;0.366;1.900696106;95.03480532;11.87935067;0.19160243;1.774;10.66708181;533.3540903;65.12259955;1.050364509;1.96;5.548082575;277.4041288;33.87107799;0.54630771
Portugos;1700;Pinar_sy;Sur;Collar_1-4;Refugio;0.713809552;24/04/2024;25/06/2024;62;3;9.02;0.149;0.547038595;27.35192975;3.032364717;0.048909108;1.34;7.963607683;398.1803841;67.60278169;1.090367447;1.74;3.586702453;179.3351226;30.44738924;0.491086923
Portugos;1700;Pinar_sy;Sur;Collar_5-8;Control;0.825429393;24/04/2024;25/06/2024;62;1;9;0.18;0.740121645;37.00608225;4.111786916;0.066319144;1.842;11.09186452;554.5932258;76.81346618;1.238926874;1.78;3.887765359;194.388268;26.92358282;0.434251336
Portugos;1700;Pinar_sy;Sur;Collar_5-8;Control;0.825429393;24/04/2024;25/06/2024;62;2;9.24;0.134;0.451535151;22.57675755;2.443372029;0.039409226;1.592;9.534743146;476.7371573;76.89308989;1.240211127;1.64;2.683513734;134.1756867;21.64123979;0.349052255
Portugos;1700;Pinar_sy;Sur;Collar_5-8;Control;0.825429393;24/04/2024;25/06/2024;62;3;10.12;0.301;1.491692226;74.58461132;7.370020882;0.118871305;1.602;9.597028001;479.8514;43.46480073;0.701045173;1.74;3.589683274;179.4841637;16.25762352;0.262219734
Portugos;1700;Pinar_sy;Sur;Collar_9-12;Refugio;0.836731897;24/04/2024;25/06/2024;62;1;8.61;0.145;0.524200815;26.21004075;3.044139459;0.049099024;1.763;10.59669992;529.834996;63.07559476;1.017348303;1.66;2.862362985;143.1181493;17.03787491;0.274804434
Portugos;1700;Pinar_sy;Sur;Collar_9-12;Refugio;0.836731897;24/04/2024;25/06/2024;62;2;7.8;0.152;0.567800213;28.39001066;3.639744957;0.058705564;2.07;12.50884496;625.4422482;102.8687908;1.659174045;1.74;3.562855886;178.1427943;29.2998017;0.472577447
Portugos;1700;Pinar_sy;Sur;Collar_9-12;Refugio;0.836731897;24/04/2024;25/06/2024;62;3;7.6;0.136;0.466068284;23.30341419;3.066238709;0.049455463;1.809;10.88321025;544.1605126;66.36103813;1.070339325;1.72;3.378044993;168.9022497;20.59783532;0.33222315
Portugos;1700;Pinar_sy;Sur;Collar_13-16;Control;0.839677225;24/04/2024;25/06/2024;62;1;6.2;0.125;0.395478782;19.77393908;3.189345013;0.051441049;1.66;9.956203997;497.8101998;60.70856096;0.979170338;1.68;3.011404028;150.5702014;18.36221968;0.296164834
Portugos;1700;Pinar_sy;Sur;Collar_13-16;Control;0.839677225;24/04/2024;25/06/2024;62;2;7.22;0.152;0.56364789;28.18239448;3.903378737;0.062957722;1.064;6.246102811;312.3051406;41.09278165;0.662786801;1.71;3.288620368;164.4310184;21.63566031;0.348962263
Portugos;1700;Pinar_sy;Sur;Collar_13-16;Control;0.839677225;24/04/2024;25/06/2024;62;3;7.74;0.129;0.422468885;21.12344427;2.729127166;0.04401818;1.527;9.127815428;456.3907714;51.86258766;0.836493349;1.68;2.996499924;149.8249962;17.02556775;0.274605931
Portugos;1700;Pinar_sy;Sur;Collar_17-20;Refugio;0.644618943;24/04/2024;25/06/2024;62;1;9;0.211;0.933204695;46.66023474;5.184470527;0.083620492;1.637;9.813779295;490.6889648;61.3361206;0.989292268;1.52;1.55378263;77.68913151;9.711141439;0.156631314
Portugos;1700;Pinar_sy;Sur;Collar_17-20;Refugio;0.644618943;24/04/2024;25/06/2024;62;2;8;0.211;0.931128533;46.55642665;5.819553332;0.093863763;1.478;8.826771963;441.3385981;56.58187156;0.912610832;1.7;3.234965592;161.7482796;20.73695892;0.334467079
Portugos;1700;Pinar_sy;Sur;Collar_17-20;Refugio;0.644618943;24/04/2024;25/06/2024;62;3;7.8;0.169;0.669532143;33.47660714;4.29187271;0.069223753;1.14;6.719467708;335.9733854;54.18925571;0.874020253;1.43;0.816029469;40.80147344;6.580882813;0.106143271
Portugos;1700;Pinar_sy;Sur;Collar_21-24;Control;0.866560818;24/04/2024;25/06/2024;62;1;9.02;0.179;0.731816998;36.59084988;4.056635242;0.065429601;1.411;8.406141576;420.3070788;58.86653765;0.949460285;1.46;1.032138981;51.60694903;7.227864011;0.116578452
Portugos;1700;Pinar_sy;Sur;Collar_21-24;Control;0.866560818;24/04/2024;25/06/2024;62;2;7.2;0.136;0.466068284;23.30341419;3.236585304;0.052202989;1.399;8.329531205;416.4765602;59.32714533;0.956889441;1.5;1.422626513;71.13132563;10.13266747;0.163430121
Portugos;1700;Pinar_sy;Sur;Collar_21-24;Control;0.866560818;24/04/2024;25/06/2024;62;3;8.61;0.15;0.551190919;27.55954593;3.200876415;0.051627039;1.64;9.831634287;491.5817144;63.02329671;1.016504786;1.36;0.197509142;9.875457073;1.26608424;0.020420714
SanJuan;2300;Enebral;Norte;46;Control;;15/05/2024;17/07/2024;63;1;9.68;0.223;1.005870359;50.29351794;5.195611358;0.082470022;1.932;11.64931397;582.4656983;53.88211826;0.855271718;1.96;5.497408621;274.870431;25.42742193;0.403609872
SanJuan;2300;Enebral;Norte;46;Control;;15/05/2024;17/07/2024;63;2;11.18;0.215;0.960194799;48.00973993;4.29425223;0.068162734;1.654;9.917795003;495.8897501;47.0930437;0.74750863;1.5;1.428588154;71.42940772;6.783419536;0.107673326
SanJuan;2300;Enebral;Norte;46;Control;;15/05/2024;17/07/2024;63;3;10.4;0.188;0.789949529;39.49747644;3.797834273;0.060283084;1.037;6.077933703;303.8966852;32.22658379;0.511533076;1.74;3.516653163;175.8326581;18.64609312;0.295969732
SanJuan;2300;Enebral;Norte;47;Refugio;;15/05/2024;17/07/2024;63;1;9.6;0.196;0.841853575;42.09267872;4.384654034;0.069597683;1.525;9.114320376;455.7160188;71.20562794;1.130248062;2.06;6.430405548;321.5202774;50.23754334;0.797421323
SanJuan;2300;Enebral;Norte;47;Refugio;;15/05/2024;17/07/2024;63;2;10.35;0.175;0.711055379;35.55276897;3.435050142;0.054524605;1.042;6.109076131;305.4538065;47.28387098;0.750537635;1.96;5.506351083;275.3175542;42.61881643;0.67648915
SanJuan;2300;Enebral;Norte;47;Refugio;;15/05/2024;17/07/2024;63;3;7.41;0.15;0.551190919;27.55954593;3.719236968;0.059035507;1.682;10.0921926;504.6096298;50.46096298;0.800967666;1.7;3.22900395;161.4501975;16.14501975;0.256270155
