Microestacion_Fecha,Microestacion,Fecha,Parcela,Orientacion,Cota,Ecosistema,Tratamiento,Riqueza,Shannon,Simpson,FRic,FEve,FDiv,FDis,RaoQ
1_20240605,1,20240605,Camarate,Norte,1800,Robledal,Control,9,1.306,0.664,0.079,0.917,0.612,0.095,0.012
1_20240702,1,20240702,Camarate,Norte,1800,Robledal,Control,2,0.401,0.238,NA,NA,NA,0.054,0.006
1_20240903,1,20240903,Camarate,Norte,1800,Robledal,Control,NA,NA,NA,NA,NA,NA,NA,NA
1_20241001,1,20241001,Camarate,Norte,1800,Robledal,Control,4,1.137,0.625,0.205,0.599,0.754,0.128,0.02
1_20250429,1,20250429,Camarate,Norte,1800,Robledal,Control,7,1.34,0.645,0.669,0.503,0.675,0.142,0.025
1_20250530,1,20250530,Camarate,Norte,1800,Robledal,Control,9,1.458,0.673,0.727,0.503,0.518,0.145,0.026
1_20250625,1,20250625,Camarate,Norte,1800,Robledal,Control,5,1.292,0.677,0.647,0.606,0.881,0.193,0.038
1_20250722,1,20250722,Camarate,Norte,1800,Robledal,Control,NA,NA,NA,NA,NA,NA,NA,NA
1_20250908,1,20250908,Camarate,Norte,1800,Robledal,Control,NA,NA,NA,NA,NA,NA,NA,NA
3_20240521,3,20240521,Canar,Sur,2000,Piornal,Refugio,7,1.594,0.734,0.878,0.822,0.74,0.168,0.032
3_20240626,3,20240626,Canar,Sur,2000,Piornal,Refugio,8,1.702,0.755,0.878,0.842,0.779,0.173,0.034
3_20240722,3,20240722,Canar,Sur,2000,Piornal,Refugio,7,1.606,0.744,0.868,0.826,0.879,0.18,0.036
3_20240916,3,20240916,Canar,Sur,2000,Piornal,Refugio,6,1.45,0.709,0.43,0.828,0.889,0.162,0.031
3_20241017,3,20241017,Canar,Sur,2000,Piornal,Refugio,6,1.45,0.709,0.43,0.828,0.889,0.162,0.031
3_20250429,3,20250429,Canar,Sur,2000,Piornal,Refugio,7,1.501,0.71,0.808,0.701,0.844,0.132,0.024
3_20250529,3,20250529,Canar,Sur,2000,Piornal,Refugio,11,1.774,0.758,1.035,0.507,0.921,0.153,0.03
3_20250624,3,20250624,Canar,Sur,2000,Piornal,Refugio,10,1.776,0.761,0.836,0.617,0.845,0.152,0.029
3_20250721,3,20250721,Canar,Sur,2000,Piornal,Refugio,9,1.699,0.748,0.836,0.608,0.792,0.151,0.029
3_20250910,3,20250910,Canar,Sur,2000,Piornal,Refugio,9,1.699,0.748,0.836,0.608,0.792,0.151,0.029
4_20240605,4,20240605,Camarate,Norte,1800,Robledal,Refugio,5,1.307,0.688,0.172,0.591,0.8,0.171,0.032
4_20240702,4,20240702,Camarate,Norte,1800,Robledal,Refugio,5,1.151,0.593,0.137,0.623,0.944,0.181,0.036
4_20240903,4,20240903,Camarate,Norte,1800,Robledal,Refugio,1,0,0,NA,NA,NA,0,0
4_20241001,4,20241001,Camarate,Norte,1800,Robledal,Refugio,2,0.611,0.42,NA,NA,NA,0.075,0.007
4_20250429,4,20250429,Camarate,Norte,1800,Robledal,Refugio,5,1.068,0.588,0.825,0.878,0.481,0.144,0.024
4_20250530,4,20250530,Camarate,Norte,1800,Robledal,Refugio,6,1.12,0.598,0.829,0.701,0.368,0.144,0.024
4_20250625,4,20250625,Camarate,Norte,1800,Robledal,Refugio,4,0.902,0.544,0.825,0.233,0.702,0.138,0.024
4_20250722,4,20250722,Camarate,Norte,1800,Robledal,Refugio,2,0.377,0.219,NA,NA,NA,0.053,0.006
4_20250908,4,20250908,Camarate,Norte,1800,Robledal,Refugio,2,0.377,0.219,NA,NA,NA,0.053,0.006
5_20240605,5,20240605,Camarate,Norte,1800,Robledal,Control,11,1.857,0.788,0.401,0.635,0.751,0.136,0.023
5_20240702,5,20240702,Camarate,Norte,1800,Robledal,Control,9,1.696,0.754,0.359,0.75,0.926,0.144,0.026
5_20240903,5,20240903,Camarate,Norte,1800,Robledal,Control,NA,NA,NA,NA,NA,NA,NA,NA
5_20241001,5,20241001,Camarate,Norte,1800,Robledal,Control,4,1.068,0.583,0.166,0.469,0.897,0.121,0.021
5_20250429,5,20250429,Camarate,Norte,1800,Robledal,Control,12,1.52,0.635,0.888,0.708,0.528,0.14,0.032
5_20250530,5,20250530,Camarate,Norte,1800,Robledal,Control,13,1.576,0.65,0.888,0.736,0.539,0.141,0.032
5_20250625,5,20250625,Camarate,Norte,1800,Robledal,Control,8,1.787,0.797,0.888,0.829,0.857,0.25,0.067
5_20250722,5,20250722,Camarate,Norte,1800,Robledal,Control,5,1.453,0.741,0.21,0.726,0.687,0.16,0.031
5_20250908,5,20250908,Camarate,Norte,1800,Robledal,Control,5,1.453,0.741,0.21,0.726,0.687,0.16,0.031
6_20240605,6,20240605,Camarate,Norte,1800,Robledal,Refugio,6,1.413,0.706,0.229,0.797,0.73,0.167,0.03
6_20240702,6,20240702,Camarate,Norte,1800,Robledal,Refugio,4,1.122,0.619,0.057,0.832,0.928,0.171,0.032
6_20240903,6,20240903,Camarate,Norte,1800,Robledal,Refugio,NA,NA,NA,NA,NA,NA,NA,NA
6_20241001,6,20241001,Camarate,Norte,1800,Robledal,Refugio,NA,NA,NA,NA,NA,NA,NA,NA
6_20250429,6,20250429,Camarate,Norte,1800,Robledal,Refugio,7,1.516,0.704,0.31,0.834,0.813,0.154,0.027
6_20250530,6,20250530,Camarate,Norte,1800,Robledal,Refugio,8,1.591,0.722,0.328,0.701,0.725,0.155,0.027
6_20250625,6,20250625,Camarate,Norte,1800,Robledal,Refugio,5,1.128,0.577,0.298,0.771,0.818,0.12,0.021
6_20250722,6,20250722,Camarate,Norte,1800,Robledal,Refugio,2,0.562,0.375,NA,NA,NA,0.09,0.011
6_20250908,6,20250908,Camarate,Norte,1800,Robledal,Refugio,2,0.562,0.375,NA,NA,NA,0.09,0.011
9_20240521,9,20240521,Canar,Sur,1700,Robledal,Control,3,0.796,0.449,0.007,0.546,0.9,0.128,0.02
9_20240626,9,20240626,Canar,Sur,1700,Robledal,Control,2,0.693,0.5,NA,NA,NA,0.035,0.001
9_20240722,9,20240722,Canar,Sur,1700,Robledal,Control,2,0.693,0.5,NA,NA,NA,0.035,0.001
9_20240916,9,20240916,Canar,Sur,1700,Robledal,Control,2,0.693,0.5,NA,NA,NA,0.035,0.001
9_20241017,9,20241017,Canar,Sur,1700,Robledal,Control,2,0.693,0.5,NA,NA,NA,0.035,0.001
9_20250423,9,20250423,Canar,Sur,1700,Robledal,Control,2,0.693,0.5,NA,NA,NA,0.035,0.001
9_20250521,9,20250521,Canar,Sur,1700,Robledal,Control,2,0.693,0.5,NA,NA,NA,0.035,0.001
9_20250617,9,20250617,Canar,Sur,1700,Robledal,Control,2,0.693,0.5,NA,NA,NA,0.035,0.001
9_20250715,9,20250715,Canar,Sur,1700,Robledal,Control,2,0.693,0.5,NA,NA,NA,0.035,0.001
9_20250904,9,20250904,Canar,Sur,1700,Robledal,Control,2,0.693,0.5,NA,NA,NA,0.035,0.001
10_20240521,10,20240521,Canar,Sur,1700,Robledal,Refugio,13,2.127,0.834,0.619,0.758,0.893,0.172,0.034
10_20240626,10,20240626,Canar,Sur,1700,Robledal,Refugio,14,2.168,0.839,0.619,0.635,0.916,0.173,0.035
10_20240722,10,20240722,Canar,Sur,1700,Robledal,Refugio,13,2.117,0.833,0.599,0.619,0.931,0.169,0.034
10_20240916,10,20240916,Canar,Sur,1700,Robledal,Refugio,8,1.792,0.803,0.117,0.842,0.791,0.122,0.021
10_20241017,10,20241017,Canar,Sur,1700,Robledal,Refugio,6,1.561,0.758,0.022,0.898,0.739,0.069,0.006
10_20250423,10,20250423,Canar,Sur,1700,Robledal,Refugio,12,2.277,0.882,0.593,0.737,0.797,0.187,0.038
10_20250521,10,20250521,Canar,Sur,1700,Robledal,Refugio,15,2.454,0.893,0.619,0.728,0.925,0.198,0.043
10_20250617,10,20250617,Canar,Sur,1700,Robledal,Refugio,15,2.326,0.866,0.728,0.756,0.945,0.203,0.046
10_20250715,10,20250715,Canar,Sur,1700,Robledal,Refugio,14,2.224,0.847,0.726,0.784,0.906,0.181,0.037
10_20250904,10,20250904,Canar,Sur,1700,Robledal,Refugio,14,2.224,0.847,0.726,0.784,0.906,0.181,0.037
12_20240521,12,20240521,Canar,Sur,1700,Robledal,Refugio,3,1.055,0.64,0.459,0.987,0.952,0.22,0.049
12_20240626,12,20240626,Canar,Sur,1700,Robledal,Refugio,4,1.271,0.692,0.471,0.845,0.964,0.214,0.047
12_20240722,12,20240722,Canar,Sur,1700,Robledal,Refugio,4,1.271,0.692,0.471,0.845,0.964,0.214,0.047
12_20240916,12,20240916,Canar,Sur,1700,Robledal,Refugio,3,0.942,0.557,0.008,0.704,0.855,0.162,0.027
12_20241017,12,20241017,Canar,Sur,1700,Robledal,Refugio,3,0.942,0.557,0.008,0.704,0.855,0.162,0.027
12_20250423,12,20250423,Canar,Sur,1700,Robledal,Refugio,3,1.097,0.666,0.459,0.961,0.94,0.214,0.047
12_20250521,12,20250521,Canar,Sur,1700,Robledal,Refugio,4,1.292,0.711,0.556,0.871,0.892,0.216,0.047
12_20250617,12,20250617,Canar,Sur,1700,Robledal,Refugio,4,1.292,0.711,0.556,0.871,0.892,0.216,0.047
12_20250715,12,20250715,Canar,Sur,1700,Robledal,Refugio,4,1.292,0.711,0.556,0.871,0.892,0.216,0.047
12_20250904,12,20250904,Canar,Sur,1700,Robledal,Refugio,4,1.292,0.711,0.556,0.871,0.892,0.216,0.047
13_20240521,13,20240521,Canar,Sur,1700,Robledal,Control,9,1.95,0.824,0.544,0.756,0.888,0.17,0.032
13_20240626,13,20240626,Canar,Sur,1700,Robledal,Control,9,1.883,0.808,0.544,0.721,0.881,0.167,0.031
13_20240722,13,20240722,Canar,Sur,1700,Robledal,Control,9,1.846,0.799,0.544,0.697,0.877,0.163,0.029
13_20240916,13,20240916,Canar,Sur,1700,Robledal,Control,6,1.484,0.732,0.117,0.756,0.871,0.152,0.025
13_20241017,13,20241017,Canar,Sur,1700,Robledal,Control,5,1.437,0.723,0.101,0.815,0.896,0.129,0.02
13_20250423,13,20250423,Canar,Sur,1700,Robledal,Control,7,1.695,0.784,0.096,0.699,0.894,0.157,0.026
13_20250521,13,20250521,Canar,Sur,1700,Robledal,Control,9,1.782,0.79,0.619,0.575,0.896,0.164,0.029
13_20250617,13,20250617,Canar,Sur,1700,Robledal,Control,10,1.825,0.792,0.646,0.653,0.885,0.165,0.03
13_20250715,13,20250715,Canar,Sur,1700,Robledal,Control,10,1.825,0.792,0.646,0.653,0.885,0.165,0.03
13_20250904,13,20250904,Canar,Sur,1700,Robledal,Control,10,1.825,0.792,0.646,0.653,0.885,0.165,0.03
14_20240607,14,20240607,Camarate,Norte,1900,Serbal-Aceral,Refugio,11,1.841,0.782,0.308,0.724,0.964,0.104,0.018
14_20240704,14,20240704,Camarate,Norte,1900,Serbal-Aceral,Refugio,8,1.65,0.751,0.854,0.719,0.951,0.126,0.028
14_20240905,14,20240905,Camarate,Norte,1900,Serbal-Aceral,Refugio,5,1.136,0.551,0.35,0.76,0.91,0.153,0.035
14_20241003,14,20241003,Camarate,Norte,1900,Serbal-Aceral,Refugio,6,1.515,0.743,0.35,0.575,0.928,0.101,0.021
14_20250506,14,20250506,Camarate,Norte,1900,Serbal-Aceral,Refugio,11,1.886,0.807,0.733,0.531,0.85,0.155,0.032
14_20250611,14,20250611,Camarate,Norte,1900,Serbal-Aceral,Refugio,12,1.915,0.81,0.733,0.542,0.849,0.156,0.032
14_20250701,14,20250701,Camarate,Norte,1900,Serbal-Aceral,Refugio,11,1.863,0.804,0.733,0.568,0.832,0.155,0.032
14_20250728,14,20250728,Camarate,Norte,1900,Serbal-Aceral,Refugio,6,1.364,0.672,0.484,0.553,0.822,0.138,0.029
14_20250909,14,20250909,Camarate,Norte,1900,Serbal-Aceral,Refugio,6,1.364,0.672,0.484,0.553,0.822,0.138,0.029
16_20240521,16,20240521,Canar,Sur,1700,Robledal,Control,10,1.885,0.791,0.55,0.846,0.876,0.157,0.029
16_20240626,16,20240626,Canar,Sur,1700,Robledal,Control,10,1.947,0.818,0.55,0.84,0.887,0.17,0.032
16_20240722,16,20240722,Canar,Sur,1700,Robledal,Control,8,1.769,0.789,0.55,0.806,0.838,0.165,0.031
16_20240916,16,20240916,Canar,Sur,1700,Robledal,Control,6,1.468,0.72,0.096,0.775,0.905,0.136,0.021
16_20241017,16,20241017,Canar,Sur,1700,Robledal,Control,5,1.386,0.693,0.096,0.805,0.764,0.102,0.014
16_20250423,16,20250423,Canar,Sur,1700,Robledal,Control,9,1.576,0.709,0.099,0.594,0.941,0.138,0.022
16_20250521,16,20250521,Canar,Sur,1700,Robledal,Control,13,2.013,0.805,0.692,0.688,0.929,0.178,0.036
16_20250617,16,20250617,Canar,Sur,1700,Robledal,Control,13,2.012,0.808,0.692,0.671,0.931,0.18,0.037
16_20250715,16,20250715,Canar,Sur,1700,Robledal,Control,11,1.844,0.782,0.634,0.754,0.945,0.174,0.034
16_20250904,16,20250904,Canar,Sur,1700,Robledal,Control,11,1.844,0.782,0.634,0.754,0.945,0.174,0.034
17_20240607,17,20240607,Camarate,Norte,1900,Serbal-Aceral,Control,4,0.908,0.549,0.005,0.783,0.296,0.032,0.002
17_20240704,17,20240704,Camarate,Norte,1900,Serbal-Aceral,Control,5,1.029,0.573,0.01,0.319,0.389,0.031,0.002
17_20240905,17,20240905,Camarate,Norte,1900,Serbal-Aceral,Control,1,0,0,NA,NA,NA,0,0
17_20241003,17,20241003,Camarate,Norte,1900,Serbal-Aceral,Control,3,0.901,0.563,0.001,0.697,0.611,0.036,0.002
17_20250506,17,20250506,Camarate,Norte,1900,Serbal-Aceral,Control,7,1.566,0.729,0.18,0.542,0.838,0.035,0.003
17_20250611,17,20250611,Camarate,Norte,1900,Serbal-Aceral,Control,8,1.596,0.733,0.181,0.585,0.831,0.036,0.003
17_20250701,17,20250701,Camarate,Norte,1900,Serbal-Aceral,Control,7,1.422,0.694,0.009,0.479,0.857,0.022,0.001
17_20250728,17,20250728,Camarate,Norte,1900,Serbal-Aceral,Control,2,0.349,0.198,NA,NA,NA,0.027,0.002
17_20250909,17,20250909,Camarate,Norte,1900,Serbal-Aceral,Control,2,0.349,0.198,NA,NA,NA,0.027,0.002
18_20240607,18,20240607,Camarate,Norte,1900,Serbal-Aceral,Refugio,12,2.085,0.841,0.845,0.622,0.836,0.168,0.035
18_20240704,18,20240704,Camarate,Norte,1900,Serbal-Aceral,Refugio,7,1.507,0.705,0.81,0.636,0.863,0.125,0.025
18_20240905,18,20240905,Camarate,Norte,1900,Serbal-Aceral,Refugio,4,1.066,0.563,0.343,0.683,0.928,0.126,0.025
18_20241003,18,20241003,Camarate,Norte,1900,Serbal-Aceral,Refugio,4,1.13,0.611,0.343,0.689,0.927,0.126,0.024
18_20250506,18,20250506,Camarate,Norte,1900,Serbal-Aceral,Refugio,9,1.846,0.797,0.959,0.65,0.833,0.162,0.037
18_20250611,18,20250611,Camarate,Norte,1900,Serbal-Aceral,Refugio,15,1.934,0.803,1.005,0.46,0.894,0.167,0.037
18_20250701,18,20250701,Camarate,Norte,1900,Serbal-Aceral,Refugio,9,1.626,0.756,0.961,0.328,0.85,0.15,0.035
18_20250728,18,20250728,Camarate,Norte,1900,Serbal-Aceral,Refugio,4,1.208,0.659,0.658,0.722,0.826,0.149,0.037
18_20250909,18,20250909,Camarate,Norte,1900,Serbal-Aceral,Refugio,4,1.208,0.659,0.658,0.722,0.826,0.149,0.037
19_20240607,19,20240607,Camarate,Norte,1900,Serbal-Aceral,Control,12,2.279,0.876,0.706,0.816,0.827,0.144,0.026
19_20240704,19,20240704,Camarate,Norte,1900,Serbal-Aceral,Control,9,1.816,0.772,0.705,0.749,0.879,0.129,0.023
19_20240905,19,20240905,Camarate,Norte,1900,Serbal-Aceral,Control,1,0,0,NA,NA,NA,0,0
19_20241003,19,20241003,Camarate,Norte,1900,Serbal-Aceral,Control,5,1.526,0.766,0.051,0.838,0.735,0.11,0.019
19_20250506,19,20250506,Camarate,Norte,1900,Serbal-Aceral,Control,10,1.625,0.698,0.732,0.584,0.725,0.166,0.033
19_20250611,19,20250611,Camarate,Norte,1900,Serbal-Aceral,Control,10,1.566,0.688,0.731,0.636,0.72,0.156,0.029
19_20250701,19,20250701,Camarate,Norte,1900,Serbal-Aceral,Control,7,1.278,0.611,0.716,0.334,0.751,0.15,0.028
19_20250728,19,20250728,Camarate,Norte,1900,Serbal-Aceral,Control,2,0.617,0.426,NA,NA,NA,0.145,0.025
19_20250909,19,20250909,Camarate,Norte,1900,Serbal-Aceral,Control,2,0.617,0.426,NA,NA,NA,0.145,0.025
20_20240607,20,20240607,Camarate,Norte,1900,Serbal-Aceral,Refugio,10,1.956,0.807,0.884,0.747,0.79,0.118,0.02
20_20240704,20,20240704,Camarate,Norte,1900,Serbal-Aceral,Refugio,8,1.921,0.835,0.368,0.768,0.635,0.106,0.019
20_20240905,20,20240905,Camarate,Norte,1900,Serbal-Aceral,Refugio,6,1.516,0.729,0.358,0.764,0.605,0.097,0.017
20_20241003,20,20241003,Camarate,Norte,1900,Serbal-Aceral,Refugio,8,1.588,0.711,0.368,0.749,0.731,0.104,0.016
20_20250506,20,20250506,Camarate,Norte,1900,Serbal-Aceral,Refugio,10,1.589,0.698,0.767,0.578,0.841,0.179,0.036
20_20250611,20,20250611,Camarate,Norte,1900,Serbal-Aceral,Refugio,12,1.766,0.736,0.767,0.682,0.852,0.176,0.035
20_20250701,20,20250701,Camarate,Norte,1900,Serbal-Aceral,Refugio,8,1.569,0.731,0.767,0.589,0.795,0.183,0.038
20_20250728,20,20250728,Camarate,Norte,1900,Serbal-Aceral,Refugio,4,1.037,0.593,0.096,0.867,0.525,0.092,0.01
20_20250909,20,20250909,Camarate,Norte,1900,Serbal-Aceral,Refugio,4,1.037,0.593,0.096,0.867,0.525,0.092,0.01
21_20240607,21,20240607,Camarate,Norte,1900,Serbal-Aceral,Control,5,1.198,0.65,0.189,0.379,0.869,0.104,0.017
21_20240704,21,20240704,Camarate,Norte,1900,Serbal-Aceral,Control,4,0.921,0.547,0.167,0.239,0.972,0.036,0.005
21_20240905,21,20240905,Camarate,Norte,1900,Serbal-Aceral,Control,2,0.664,0.471,NA,NA,NA,0.022,0.001
21_20241003,21,20241003,Camarate,Norte,1900,Serbal-Aceral,Control,2,0.686,0.493,NA,NA,NA,0.023,0.001
21_20250506,21,20250506,Camarate,Norte,1900,Serbal-Aceral,Control,4,0.967,0.526,0.083,0.511,0.709,0.05,0.006
21_20250611,21,20250611,Camarate,Norte,1900,Serbal-Aceral,Control,5,1.107,0.587,0.284,0.212,0.837,0.049,0.007
21_20250701,21,20250701,Camarate,Norte,1900,Serbal-Aceral,Control,3,0.647,0.392,0.042,0.851,0.568,0.037,0.003
21_20250728,21,20250728,Camarate,Norte,1900,Serbal-Aceral,Control,2,0.598,0.408,NA,NA,NA,0.039,0.002
21_20250909,21,20250909,Camarate,Norte,1900,Serbal-Aceral,Control,2,0.598,0.408,NA,NA,NA,0.039,0.002
22_20240605,22,20240605,Camarate,Norte,2200,Piornal,Refugio,5,1.362,0.704,0.433,0.769,0.655,0.144,0.024
22_20240704,22,20240704,Camarate,Norte,2200,Piornal,Refugio,6,1.444,0.718,0.45,0.735,0.712,0.154,0.026
22_20240905,22,20240905,Camarate,Norte,2200,Piornal,Refugio,4,1.104,0.62,0.289,0.56,0.972,0.149,0.024
22_20241003,22,20241003,Camarate,Norte,2200,Piornal,Refugio,4,1.104,0.62,0.289,0.56,0.972,0.149,0.024
22_20250506,22,20250506,Camarate,Norte,2200,Piornal,Refugio,5,1.248,0.667,0.544,0.476,0.725,0.128,0.02
22_20250611,22,20250611,Camarate,Norte,2200,Piornal,Refugio,8,1.366,0.685,1.136,0.352,0.669,0.13,0.022
22_20250701,22,20250701,Camarate,Norte,2200,Piornal,Refugio,9,1.43,0.695,1.136,0.487,0.665,0.132,0.023
22_20250728,22,20250728,Camarate,Norte,2200,Piornal,Refugio,7,1.106,0.561,0.802,0.537,0.681,0.134,0.023
22_20250909,22,20250909,Camarate,Norte,2200,Piornal,Refugio,7,1.106,0.561,0.802,0.537,0.681,0.134,0.023
23_20240605,23,20240605,Camarate,Norte,2200,Piornal,Control,9,1.585,0.688,0.461,0.644,0.743,0.133,0.023
23_20240704,23,20240704,Camarate,Norte,2200,Piornal,Control,8,1.5,0.671,0.461,0.558,0.773,0.128,0.022
23_20240905,23,20240905,Camarate,Norte,2200,Piornal,Control,5,1.046,0.524,0.312,0.653,0.84,0.108,0.016
23_20241003,23,20241003,Camarate,Norte,2200,Piornal,Control,6,1.407,0.681,0.354,0.747,0.961,0.126,0.02
23_20250506,23,20250506,Camarate,Norte,2200,Piornal,Control,7,1.475,0.686,1.079,0.763,0.881,0.172,0.04
23_20250611,23,20250611,Camarate,Norte,2200,Piornal,Control,10,1.706,0.73,1.203,0.727,0.881,0.195,0.054
23_20250701,23,20250701,Camarate,Norte,2200,Piornal,Control,11,1.719,0.728,1.203,0.707,0.88,0.195,0.054
23_20250728,23,20250728,Camarate,Norte,2200,Piornal,Control,7,1.395,0.662,0.802,0.752,0.928,0.183,0.043
23_20250909,23,20250909,Camarate,Norte,2200,Piornal,Control,7,1.395,0.662,0.802,0.752,0.928,0.183,0.043
24_20240605,24,20240605,Camarate,Norte,2200,Piornal,Refugio,8,1.791,0.795,0.037,0.728,0.575,0.126,0.024
24_20240704,24,20240704,Camarate,Norte,2200,Piornal,Refugio,9,1.812,0.791,0.523,0.677,0.585,0.126,0.025
24_20240905,24,20240905,Camarate,Norte,2200,Piornal,Refugio,5,1.069,0.563,0.013,0.565,0.606,0.13,0.023
24_20241003,24,20241003,Camarate,Norte,2200,Piornal,Refugio,6,1.148,0.582,0.023,0.577,0.416,0.131,0.023
24_20250506,24,20250506,Camarate,Norte,2200,Piornal,Refugio,5,1.349,0.715,0.167,0.541,0.758,0.136,0.021
24_20250611,24,20250611,Camarate,Norte,2200,Piornal,Refugio,9,1.587,0.754,0.535,0.576,0.807,0.134,0.021
24_20250701,24,20250701,Camarate,Norte,2200,Piornal,Refugio,9,1.587,0.754,0.535,0.576,0.807,0.134,0.021
24_20250728,24,20250728,Camarate,Norte,2200,Piornal,Refugio,5,0.95,0.556,0.497,0.928,0.708,0.151,0.023
24_20250909,24,20250909,Camarate,Norte,2200,Piornal,Refugio,5,0.95,0.556,0.497,0.928,0.708,0.151,0.023
25_20240605,25,20240605,Camarate,Norte,2200,Piornal,Control,11,2,0.826,0.499,0.668,0.767,0.173,0.032
25_20240704,25,20240704,Camarate,Norte,2200,Piornal,Control,11,2.056,0.838,0.526,0.712,0.764,0.178,0.034
25_20240905,25,20240905,Camarate,Norte,2200,Piornal,Control,6,1.534,0.752,0.421,0.711,0.834,0.139,0.024
25_20241003,25,20241003,Camarate,Norte,2200,Piornal,Control,6,1.471,0.735,0.421,0.618,0.846,0.139,0.025
25_20250506,25,20250506,Camarate,Norte,2200,Piornal,Control,10,2.145,0.863,1.068,0.864,0.906,0.209,0.05
25_20250611,25,20250611,Camarate,Norte,2200,Piornal,Control,15,2.423,0.89,1.151,0.756,0.918,0.223,0.054
25_20250701,25,20250701,Camarate,Norte,2200,Piornal,Control,14,2.38,0.886,1.151,0.747,0.916,0.223,0.054
25_20250728,25,20250728,Camarate,Norte,2200,Piornal,Control,7,1.732,0.785,1.081,0.775,0.898,0.187,0.047
25_20250909,25,20250909,Camarate,Norte,2200,Piornal,Control,7,1.732,0.785,1.081,0.775,0.898,0.187,0.047
26_20240605,26,20240605,Camarate,Norte,2200,Piornal,Refugio,9,1.878,0.816,0.812,0.712,0.884,0.228,0.058
26_20240704,26,20240704,Camarate,Norte,2200,Piornal,Refugio,6,1.457,0.727,0.731,0.568,0.826,0.183,0.04
26_20240905,26,20240905,Camarate,Norte,2200,Piornal,Refugio,3,1.031,0.626,0.051,0.882,0.85,0.178,0.034
26_20241003,26,20241003,Camarate,Norte,2200,Piornal,Refugio,4,1.117,0.643,0.051,0.639,0.78,0.177,0.033
26_20250506,26,20250506,Camarate,Norte,2200,Piornal,Refugio,10,1.645,0.735,0.688,0.527,0.835,0.17,0.033
26_20250611,26,20250611,Camarate,Norte,2200,Piornal,Refugio,14,1.959,0.8,0.915,0.67,0.833,0.193,0.049
26_20250701,26,20250701,Camarate,Norte,2200,Piornal,Refugio,11,1.77,0.768,1.015,0.6,0.724,0.193,0.046
26_20250728,26,20250728,Camarate,Norte,2200,Piornal,Refugio,3,0.701,0.459,0.35,0.511,0.734,0.144,0.025
26_20250909,26,20250909,Camarate,Norte,2200,Piornal,Refugio,3,0.701,0.459,0.35,0.511,0.734,0.144,0.025
27_20240605,27,20240605,Camarate,Norte,2200,Piornal,Control,10,1.852,0.789,0.749,0.733,0.644,0.159,0.029
27_20240704,27,20240704,Camarate,Norte,2200,Piornal,Control,10,1.815,0.782,0.749,0.711,0.645,0.162,0.031
27_20240905,27,20240905,Camarate,Norte,2200,Piornal,Control,4,1.023,0.575,0.071,0.759,0.699,0.048,0.005
27_20241003,27,20241003,Camarate,Norte,2200,Piornal,Control,4,1.01,0.561,0.071,0.732,0.712,0.048,0.005
27_20250506,27,20250506,Camarate,Norte,2200,Piornal,Control,6,1.161,0.539,0.211,0.807,0.89,0.134,0.021
27_20250611,27,20250611,Camarate,Norte,2200,Piornal,Control,7,1.432,0.638,0.656,0.829,0.821,0.186,0.045
27_20250701,27,20250701,Camarate,Norte,2200,Piornal,Control,6,1.214,0.561,0.656,0.807,0.889,0.193,0.05
27_20250728,27,20250728,Camarate,Norte,2200,Piornal,Control,3,0.522,0.265,0.313,0.284,0.926,0.116,0.03
27_20250909,27,20250909,Camarate,Norte,2200,Piornal,Control,3,0.522,0.265,0.313,0.284,0.926,0.116,0.03
29_20240611,29,20240611,Hortichuela,Sur,1300,Robledal,Control,10,2.022,0.85,0.396,0.591,0.901,0.175,0.033
29_20240715,29,20240715,Hortichuela,Sur,1300,Robledal,Control,2,0.616,0.425,NA,NA,NA,0.125,0.018
29_20240911,29,20240911,Hortichuela,Sur,1300,Robledal,Control,1,0,0,NA,NA,NA,0,0
29_20241007,29,20241007,Hortichuela,Sur,1300,Robledal,Control,NA,NA,NA,NA,NA,NA,NA,NA
29_20250507,29,20250507,Hortichuela,Sur,1300,Robledal,Control,9,1.563,0.703,0.358,0.677,0.917,0.137,0.023
29_20250609,29,20250609,Hortichuela,Sur,1300,Robledal,Control,11,1.759,0.748,0.595,0.674,0.814,0.137,0.023
29_20250702,29,20250702,Hortichuela,Sur,1300,Robledal,Control,6,1.617,0.788,0.402,0.859,0.904,0.164,0.028
29_20250729,29,20250729,Hortichuela,Sur,1300,Robledal,Control,NA,NA,NA,NA,NA,NA,NA,NA
29_20250922,29,20250922,Hortichuela,Sur,1300,Robledal,Control,NA,NA,NA,NA,NA,NA,NA,NA
30_20240611,30,20240611,Hortichuela,Sur,1300,Robledal,Control,8,1.554,0.735,0.359,0.651,0.94,0.155,0.029
30_20240715,30,20240715,Hortichuela,Sur,1300,Robledal,Control,1,0,0,NA,NA,NA,0,0
30_20240911,30,20240911,Hortichuela,Sur,1300,Robledal,Control,NA,NA,NA,NA,NA,NA,NA,NA
30_20241017,30,20241007,Hortichuela,Sur,1300,Robledal,Control,NA,NA,NA,NA,NA,NA,NA,NA
30_20250507,30,20250507,Hortichuela,Sur,1300,Robledal,Control,9,1.968,0.831,0.578,0.778,0.807,0.187,0.037
30_20250609,30,20250609,Hortichuela,Sur,1300,Robledal,Control,9,1.705,0.777,0.436,0.699,0.777,0.172,0.032
30_20250702,30,20250702,Hortichuela,Sur,1300,Robledal,Control,3,0.486,0.244,0.137,0.231,0.921,0.055,0.009
30_20250729,30,20250729,Hortichuela,Sur,1300,Robledal,Control,2,0.638,0.446,NA,NA,NA,0.153,0.026
30_20250922,30,20250922,Hortichuela,Sur,1300,Robledal,Control,2,0.638,0.446,NA,NA,NA,0.153,0.026
31_20240611,31,20240611,Hortichuela,Sur,1300,Robledal,Refugio,13,2.177,0.854,0.846,0.74,0.911,0.207,0.048
31_20240715,31,20240715,Hortichuela,Sur,1300,Robledal,Refugio,5,1.106,0.599,0.445,0.386,0.832,0.113,0.02
31_20240911,31,20240911,Hortichuela,Sur,1300,Robledal,Refugio,2,0.622,0.431,NA,NA,NA,0.044,0.002
31_20241007,31,20241007,Hortichuela,Sur,1300,Robledal,Refugio,2,0.622,0.431,NA,NA,NA,0.044,0.002
31_20250507,31,20250507,Hortichuela,Sur,1300,Robledal,Refugio,13,2.164,0.855,0.828,0.676,0.897,0.219,0.05
31_20250609,31,20250609,Hortichuela,Sur,1300,Robledal,Refugio,14,2.171,0.85,0.828,0.647,0.949,0.227,0.053
31_20250702,31,20250702,Hortichuela,Sur,1300,Robledal,Refugio,6,1.25,0.655,0.602,0.381,0.977,0.148,0.027
31_20250729,31,20250729,Hortichuela,Sur,1300,Robledal,Refugio,2,0.598,0.408,NA,NA,NA,0.042,0.002
31_20250922,31,20250922,Hortichuela,Sur,1300,Robledal,Refugio,2,0.598,0.408,NA,NA,NA,0.042,0.002
32_20240611,32,20240611,Hortichuela,Sur,1300,Robledal,Refugio,9,1.939,0.828,0.37,0.706,0.783,0.124,0.019
32_20240715,32,20240715,Hortichuela,Sur,1300,Robledal,Refugio,NA,NA,NA,NA,NA,NA,NA,NA
32_20240911,32,20240911,Hortichuela,Sur,1300,Robledal,Refugio,NA,NA,NA,NA,NA,NA,NA,NA
32_20241007,32,20241007,Hortichuela,Sur,1300,Robledal,Refugio,NA,NA,NA,NA,NA,NA,NA,NA
32_20250507,32,20250507,Hortichuela,Sur,1300,Robledal,Refugio,9,1.602,0.732,0.582,0.497,0.61,0.137,0.021
32_20250609,32,20250609,Hortichuela,Sur,1300,Robledal,Refugio,8,1.593,0.754,0.293,0.48,0.803,0.134,0.021
32_20250702,32,20250702,Hortichuela,Sur,1300,Robledal,Refugio,2,0.22,0.108,NA,NA,NA,0.044,0.009
32_20250729,32,20250729,Hortichuela,Sur,1300,Robledal,Refugio,NA,NA,NA,NA,NA,NA,NA,NA
32_20250922,32,20250922,Hortichuela,Sur,1300,Robledal,Refugio,NA,NA,NA,NA,NA,NA,NA,NA
33_20240611,33,20240611,Hortichuela,Sur,1300,Robledal,Control,11,2.116,0.857,0.757,0.747,0.696,0.156,0.03
33_20240715,33,20240715,Hortichuela,Sur,1300,Robledal,Control,4,1.218,0.655,0.46,0.774,0.463,0.142,0.03
33_20240911,33,20240911,Hortichuela,Sur,1300,Robledal,Control,2,0.494,0.315,NA,NA,NA,0.065,0.007
33_20241007,33,20241007,Hortichuela,Sur,1300,Robledal,Control,2,0.494,0.315,NA,NA,NA,0.065,0.007
33_20250507,33,20250507,Hortichuela,Sur,1300,Robledal,Control,16,2.34,0.884,0.827,0.668,0.875,0.189,0.042
33_20250609,33,20250609,Hortichuela,Sur,1300,Robledal,Control,16,2.302,0.878,0.813,0.642,0.811,0.183,0.04
33_20250702,33,20250702,Hortichuela,Sur,1300,Robledal,Control,5,1.172,0.636,0.426,0.531,0.829,0.123,0.019
33_20250729,33,20250729,Hortichuela,Sur,1300,Robledal,Control,1,0,0,NA,NA,NA,0,0
33_20250922,33,20250922,Hortichuela,Sur,1300,Robledal,Control,1,0,0,NA,NA,NA,0,0
35_20240521,35,20240521,Canar,Sur,2000,Piornal,Refugio,8,1.706,0.787,0.342,0.624,0.932,0.165,0.031
35_20240626,35,20240626,Canar,Sur,2000,Piornal,Refugio,9,1.879,0.815,0.782,0.674,0.818,0.162,0.03
35_20240722,35,20240722,Canar,Sur,2000,Piornal,Refugio,9,1.907,0.823,0.782,0.682,0.838,0.167,0.031
35_20240916,35,20240916,Canar,Sur,2000,Piornal,Refugio,7,1.566,0.745,0.342,0.656,0.907,0.18,0.035
35_20241017,35,20241017,Canar,Sur,2000,Piornal,Refugio,7,1.587,0.753,0.342,0.662,0.903,0.177,0.035
35_20250429,35,20250429,Canar,Sur,2000,Piornal,Refugio,6,1.499,0.75,0.123,0.739,0.802,0.129,0.018
35_20250529,35,20250529,Canar,Sur,2000,Piornal,Refugio,8,1.58,0.759,0.142,0.78,0.757,0.129,0.018
35_20250624,35,20250624,Canar,Sur,2000,Piornal,Refugio,9,1.644,0.768,0.569,0.374,0.697,0.131,0.019
35_20250721,35,20250721,Canar,Sur,2000,Piornal,Refugio,8,1.489,0.717,0.569,0.506,0.762,0.137,0.023
35_20250910,35,20250910,Canar,Sur,2000,Piornal,Refugio,8,1.489,0.717,0.569,0.506,0.762,0.137,0.023
36_20240521,36,20240521,Canar,Sur,2000,Piornal,Control,8,1.455,0.667,0.752,0.597,0.927,0.156,0.027
36_20240626,36,20240626,Canar,Sur,2000,Piornal,Control,7,1.571,0.741,0.752,0.606,0.957,0.18,0.035
36_20240722,36,20240722,Canar,Sur,2000,Piornal,Control,6,1.487,0.727,0.752,0.666,0.974,0.181,0.035
36_20240916,36,20240916,Canar,Sur,2000,Piornal,Control,4,1.192,0.659,0.314,0.898,0.871,0.172,0.031
36_20241017,36,20241017,Canar,Sur,2000,Piornal,Control,4,1.192,0.659,0.314,0.898,0.871,0.172,0.031
36_20250429,36,20250429,Canar,Sur,2000,Piornal,Control,6,1.313,0.638,0.142,0.545,0.93,0.148,0.024
36_20250529,36,20250529,Canar,Sur,2000,Piornal,Control,11,1.649,0.706,0.76,0.505,0.937,0.163,0.03
36_20250624,36,20250624,Canar,Sur,2000,Piornal,Control,10,1.625,0.703,0.571,0.611,0.895,0.162,0.029
36_20250721,36,20250721,Canar,Sur,2000,Piornal,Control,8,1.412,0.656,0.571,0.66,0.93,0.164,0.03
36_20250910,36,20250910,Canar,Sur,2000,Piornal,Control,8,1.412,0.656,0.571,0.66,0.93,0.164,0.03
37_20240521,37,20240521,Canar,Sur,2000,Piornal,Refugio,7,1.525,0.721,0.756,0.7,0.803,0.196,0.043
37_20240626,37,20240626,Canar,Sur,2000,Piornal,Refugio,12,2.14,0.844,0.868,0.786,0.86,0.201,0.043
37_20240722,37,20240722,Canar,Sur,2000,Piornal,Refugio,11,2.062,0.835,0.853,0.775,0.877,0.206,0.045
37_20240916,37,20240916,Canar,Sur,2000,Piornal,Refugio,7,1.535,0.733,0.32,0.623,0.907,0.206,0.045
37_20241017,37,20241017,Canar,Sur,2000,Piornal,Refugio,7,1.535,0.733,0.32,0.623,0.907,0.206,0.045
37_20250429,37,20250429,Canar,Sur,2000,Piornal,Refugio,10,1.508,0.693,0.808,0.474,0.844,0.162,0.029
37_20250529,37,20250529,Canar,Sur,2000,Piornal,Refugio,15,1.678,0.717,1.074,0.641,0.913,0.173,0.034
37_20250624,37,20250624,Canar,Sur,2000,Piornal,Refugio,14,1.634,0.71,1.046,0.608,0.939,0.171,0.033
37_20250721,37,20250721,Canar,Sur,2000,Piornal,Refugio,11,1.558,0.701,0.984,0.559,0.795,0.169,0.033
37_20250910,37,20250910,Canar,Sur,2000,Piornal,Refugio,11,1.558,0.701,0.984,0.559,0.795,0.169,0.033
38_20240521,38,20240521,Canar,Sur,2000,Piornal,Control,11,1.72,0.717,0.87,0.758,0.918,0.197,0.041
38_20240626,38,20240626,Canar,Sur,2000,Piornal,Control,11,1.83,0.758,0.87,0.698,0.894,0.196,0.04
38_20240722,38,20240722,Canar,Sur,2000,Piornal,Control,11,1.83,0.758,0.87,0.698,0.894,0.196,0.04
38_20240916,38,20240916,Canar,Sur,2000,Piornal,Control,8,1.427,0.645,0.432,0.691,0.915,0.187,0.038
38_20241017,38,20241017,Canar,Sur,2000,Piornal,Control,8,1.427,0.645,0.432,0.691,0.915,0.187,0.038
38_20250429,38,20250429,Canar,Sur,2000,Piornal,Control,10,1.334,0.581,0.838,0.593,0.899,0.14,0.025
38_20250529,38,20250529,Canar,Sur,2000,Piornal,Control,13,1.496,0.626,1.052,0.644,0.866,0.152,0.028
38_20250624,38,20250624,Canar,Sur,2000,Piornal,Control,14,1.484,0.621,1.047,0.616,0.904,0.154,0.029
38_20250721,38,20250721,Canar,Sur,2000,Piornal,Control,13,1.341,0.573,1.047,0.594,0.94,0.154,0.03
38_20250910,38,20250910,Canar,Sur,2000,Piornal,Control,13,1.341,0.573,1.047,0.594,0.94,0.154,0.03
39_20240521,39,20240521,Canar,Sur,2000,Piornal,Control,5,1.271,0.642,0.564,0.666,0.891,0.133,0.024
39_20240626,39,20240626,Canar,Sur,2000,Piornal,Control,5,1.245,0.636,0.564,0.653,0.89,0.141,0.026
39_20240722,39,20240722,Canar,Sur,2000,Piornal,Control,5,1.229,0.628,0.564,0.644,0.892,0.139,0.025
39_20240916,39,20240916,Canar,Sur,2000,Piornal,Control,4,1.104,0.601,0.116,0.521,0.921,0.123,0.02
39_20241017,39,20241017,Canar,Sur,2000,Piornal,Control,4,1.113,0.608,0.116,0.523,0.921,0.127,0.021
39_20250429,39,20250429,Canar,Sur,2000,Piornal,Control,6,0.916,0.421,0.808,0.67,0.722,0.079,0.015
39_20250529,39,20250529,Canar,Sur,2000,Piornal,Control,10,1.195,0.504,0.995,0.531,0.966,0.102,0.02
39_20250624,39,20250624,Canar,Sur,2000,Piornal,Control,9,1.141,0.48,0.923,0.588,0.96,0.103,0.019
39_20250721,39,20250721,Canar,Sur,2000,Piornal,Control,7,1.024,0.446,0.808,0.618,0.838,0.091,0.017
39_20250910,39,20250910,Canar,Sur,2000,Piornal,Control,7,1.024,0.446,0.808,0.618,0.838,0.091,0.017
40_20240607,40,20240607,Camarate,Norte,1500,Encinar,Refugio,5,1.109,0.542,0.194,0.582,0.816,0.097,0.017
40_20240702,40,20240702,Camarate,Norte,1500,Encinar,Refugio,NA,NA,NA,NA,NA,NA,NA,NA
40_20241001,40,20241001,Camarate,Norte,1500,Encinar,Refugio,NA,NA,NA,NA,NA,NA,NA,NA
40_20250429,40,20250429,Camarate,Norte,1500,Encinar,Refugio,6,1.143,0.609,0.265,0.634,0.658,0.136,0.02
40_20250530,40,20250530,Camarate,Norte,1500,Encinar,Refugio,12,1.44,0.662,0.471,0.573,0.671,0.141,0.022
40_20250625,40,20250625,Camarate,Norte,1500,Encinar,Refugio,1,0,0,NA,NA,NA,0,0
40_20250722,40,20250722,Camarate,Norte,1500,Encinar,Refugio,NA,NA,NA,NA,NA,NA,NA,NA
40_20250908,40,20250908,Camarate,Norte,1500,Encinar,Refugio,NA,NA,NA,NA,NA,NA,NA,NA
41_20240607,41,20240607,Camarate,Norte,1500,Encinar,Control,5,1.56,0.78,0.012,0.913,0.848,0.105,0.012
41_20240702,41,20240702,Camarate,Norte,1500,Encinar,Control,4,1.342,0.729,0.213,0.925,0.831,0.158,0.027
41_20241001,41,20241001,Camarate,Norte,1500,Encinar,Control,1,0,0,NA,NA,NA,0,0
41_20250429,41,20250429,Camarate,Norte,1500,Encinar,Control,12,2.126,0.851,0.411,0.818,0.748,0.143,0.024
41_20250530,41,20250530,Camarate,Norte,1500,Encinar,Control,17,2.371,0.866,0.407,0.712,0.793,0.163,0.029
41_20250625,41,20250625,Camarate,Norte,1500,Encinar,Control,6,1.332,0.641,0.167,0.707,0.943,0.156,0.025
41_20250722,41,20250722,Camarate,Norte,1500,Encinar,Control,1,0,0,NA,NA,NA,0,0
41_20250908,41,20250908,Camarate,Norte,1500,Encinar,Control,1,0,0,NA,NA,NA,0,0
42_20240607,42,20240607,Camarate,Norte,1500,Encinar,Refugio,6,1.003,0.469,0.697,0.456,0.892,0.111,0.02
42_20240702,42,20240702,Camarate,Norte,1500,Encinar,Refugio,1,0,0,NA,NA,NA,0,0
42_20241001,42,20241001,Camarate,Norte,1500,Encinar,Refugio,NA,NA,NA,NA,NA,NA,NA,NA
42_20250429,42,20250429,Camarate,Norte,1500,Encinar,Refugio,2,0.685,0.491,NA,NA,NA,0.14,0.02
42_20250530,42,20250530,Camarate,Norte,1500,Encinar,Refugio,4,0.804,0.517,0.222,0.156,0.988,0.142,0.021
42_20250625,42,20250625,Camarate,Norte,1500,Encinar,Refugio,2,0.109,0.045,NA,NA,NA,0.009,0.001
42_20250722,42,20250722,Camarate,Norte,1500,Encinar,Refugio,NA,NA,NA,NA,NA,NA,NA,NA
42_20250908,42,20250908,Camarate,Norte,1500,Encinar,Refugio,NA,NA,NA,NA,NA,NA,NA,NA
43_20240607,43,20240607,Camarate,Norte,1500,Encinar,Control,6,1.372,0.686,0.293,0.803,0.949,0.144,0.021
43_20240702,43,20240702,Camarate,Norte,1500,Encinar,Control,1,0,0,NA,NA,NA,0,0
43_20241001,43,20241001,Camarate,Norte,1500,Encinar,Control,NA,NA,NA,NA,NA,NA,NA,NA
43_20250429,43,20250429,Camarate,Norte,1500,Encinar,Control,3,0.645,0.385,0.01,0.44,0.703,0.098,0.014
43_20250530,43,20250530,Camarate,Norte,1500,Encinar,Control,7,1.262,0.589,0.316,0.612,0.976,0.125,0.019
43_20250625,43,20250625,Camarate,Norte,1500,Encinar,Control,3,0.464,0.237,0.167,0.981,0.981,0.051,0.006
43_20250722,43,20250722,Camarate,Norte,1500,Encinar,Control,NA,NA,NA,NA,NA,NA,NA,NA
43_20250908,43,20250908,Camarate,Norte,1500,Encinar,Control,NA,NA,NA,NA,NA,NA,NA,NA
44_20240607,44,20240607,Camarate,Norte,1500,Encinar,Refugio,3,0.959,0.576,0.452,0.817,0.935,0.192,0.038
44_20240702,44,20240702,Camarate,Norte,1500,Encinar,Refugio,1,0,0,NA,NA,NA,0,0
44_20241001,44,20241001,Camarate,Norte,1500,Encinar,Refugio,NA,NA,NA,NA,NA,NA,NA,NA
44_20250429,44,20250429,Camarate,Norte,1500,Encinar,Refugio,3,0.669,0.381,0.094,0.4,0.847,0.069,0.007
44_20250530,44,20250530,Camarate,Norte,1500,Encinar,Refugio,4,1.331,0.726,0.399,0.861,0.732,0.133,0.022
44_20250625,44,20250625,Camarate,Norte,1500,Encinar,Refugio,1,0,0,NA,NA,NA,0,0
44_20250722,44,20250722,Camarate,Norte,1500,Encinar,Refugio,NA,NA,NA,NA,NA,NA,NA,NA
44_20250908,44,20250908,Camarate,Norte,1500,Encinar,Refugio,NA,NA,NA,NA,NA,NA,NA,NA
45_20240607,45,20240607,Camarate,Norte,1500,Encinar,Control,8,1.705,0.745,0.643,0.819,0.807,0.158,0.028
45_20240702,45,20240702,Camarate,Norte,1500,Encinar,Control,3,1.023,0.615,0.29,0.943,0.687,0.145,0.026
45_20240903,45,20240903,Camarate,Norte,1500,Encinar,Control,1,0,0,NA,NA,NA,0,0
45_20241001,45,20241001,Camarate,Norte,1500,Encinar,Control,1,0,0,NA,NA,NA,0,0
45_20250429,45,20250429,Camarate,Norte,1500,Encinar,Control,5,1.137,0.619,0.399,0.579,0.95,0.141,0.021
45_20250530,45,20250530,Camarate,Norte,1500,Encinar,Control,5,1.137,0.619,0.399,0.579,0.95,0.141,0.021
45_20250625,45,20250625,Camarate,Norte,1500,Encinar,Control,3,0.733,0.406,0.31,0.438,0.926,0.099,0.015
45_20250722,45,20250722,Camarate,Norte,1500,Encinar,Control,1,0,0,NA,NA,NA,0,0
45_20250908,45,20250908,Camarate,Norte,1500,Encinar,Control,1,0,0,NA,NA,NA,0,0
46_20240611,46,20240611,SanJuan,Sur,2300,Enerbal,Control,5,1.375,0.724,0.028,0.782,0.687,0.197,0.041
46_20240715,46,20240715,SanJuan,Sur,2300,Enerbal,Control,4,1.327,0.717,0.026,0.887,0.7,0.197,0.041
46_20240911,46,20240911,SanJuan,Sur,2300,Enerbal,Control,3,1.04,0.626,0.019,0.82,0.801,0.192,0.038
46_20241007,46,20241007,SanJuan,Sur,2300,Enerbal,Control,3,1.073,0.649,0.019,0.891,0.776,0.192,0.038
46_20250609,46,20250609,SanJuan,Sur,2300,Enerbal,Control,7,1.446,0.7,0.414,0.817,0.775,0.161,0.029
46_20250702,46,20250702,SanJuan,Sur,2300,Enerbal,Control,6,1.353,0.682,0.109,0.776,0.786,0.16,0.028
46_20250729,46,20250729,SanJuan,Sur,2300,Enerbal,Control,6,1.165,0.599,0.109,0.42,0.804,0.133,0.02
46_20250923,46,20250923,SanJuan,Sur,2300,Enerbal,Control,6,1.165,0.599,0.109,0.42,0.804,0.133,0.02
47_20240611,47,20240611,SanJuan,Sur,2300,Enerbal,Refugio,6,1.32,0.635,0.352,0.662,0.909,0.154,0.029
47_20240715,47,20240715,SanJuan,Sur,2300,Enerbal,Refugio,6,1.32,0.635,0.352,0.662,0.909,0.154,0.029
47_20240911,47,20240911,SanJuan,Sur,2300,Enerbal,Refugio,5,1.525,0.766,0.352,0.945,0.846,0.179,0.034
47_20241007,47,20241007,SanJuan,Sur,2300,Enerbal,Refugio,4,1.347,0.732,0.352,0.923,0.885,0.183,0.036
47_20250609,47,20250609,SanJuan,Sur,2300,Enerbal,Refugio,5,1.314,0.668,0.424,0.798,0.94,0.163,0.029
47_20250702,47,20250702,SanJuan,Sur,2300,Enerbal,Refugio,4,1.048,0.571,0.048,0.779,0.979,0.157,0.027
47_20250729,47,20250729,SanJuan,Sur,2300,Enerbal,Refugio,4,1.048,0.571,0.048,0.779,0.979,0.157,0.027
47_20250923,47,20250923,SanJuan,Sur,2300,Enerbal,Refugio,4,1.048,0.571,0.048,0.779,0.979,0.157,0.027
49_20240521,49,20240521,Canar,Sur,1800,Robledal,Control,8,1.788,0.79,0.908,0.695,0.934,0.188,0.04
49_20240626,49,20240626,Canar,Sur,1800,Robledal,Control,9,1.951,0.833,0.908,0.707,0.936,0.195,0.042
49_20240722,49,20240722,Canar,Sur,1800,Robledal,Control,8,1.865,0.822,0.908,0.793,0.948,0.197,0.043
49_20240916,49,20240916,Canar,Sur,1800,Robledal,Control,6,1.545,0.749,0.342,0.794,0.683,0.158,0.026
49_20241017,49,20241017,Canar,Sur,1800,Robledal,Control,6,1.557,0.745,0.342,0.784,0.639,0.148,0.025
49_20250423,49,20250423,Canar,Sur,1800,Robledal,Control,5,1.213,0.651,0.003,0.532,0.874,0.163,0.027
49_20250521,49,20250521,Canar,Sur,1800,Robledal,Control,7,1.513,0.736,0.499,0.569,0.942,0.173,0.033
49_20250617,49,20250617,Canar,Sur,1800,Robledal,Control,12,1.75,0.77,0.621,0.606,0.962,0.182,0.037
49_20250715,49,20250715,Canar,Sur,1800,Robledal,Control,10,1.659,0.758,0.621,0.539,0.962,0.181,0.037
49_20250904,49,20250904,Canar,Sur,1800,Robledal,Control,10,1.659,0.758,0.621,0.539,0.962,0.181,0.037
50_20240521,50,20240521,Canar,Sur,1800,Robledal,Refugio,9,1.975,0.834,0.587,0.831,0.775,0.164,0.034
50_20240626,50,20240626,Canar,Sur,1800,Robledal,Refugio,9,1.905,0.809,0.587,0.819,0.77,0.146,0.03
50_20240722,50,20240722,Canar,Sur,1800,Robledal,Refugio,9,1.905,0.809,0.587,0.819,0.77,0.146,0.03
50_20240916,50,20240916,Canar,Sur,1800,Robledal,Refugio,5,1.338,0.686,0.095,0.721,0.867,0.125,0.019
50_20241017,50,20241017,Canar,Sur,1800,Robledal,Refugio,5,1.446,0.737,0.095,0.752,0.825,0.13,0.02
50_20250423,50,20250423,Canar,Sur,1800,Robledal,Refugio,8,1.715,0.766,0.116,0.596,0.945,0.105,0.018
50_20250521,50,20250521,Canar,Sur,1800,Robledal,Refugio,10,1.919,0.805,0.647,0.637,0.917,0.121,0.025
50_20250617,50,20250617,Canar,Sur,1800,Robledal,Refugio,10,1.906,0.802,0.66,0.633,0.899,0.112,0.022
50_20250715,50,20250715,Canar,Sur,1800,Robledal,Refugio,10,1.901,0.8,0.66,0.631,0.898,0.11,0.021
50_20250904,50,20250904,Canar,Sur,1800,Robledal,Refugio,10,1.901,0.8,0.66,0.631,0.898,0.11,0.021
51_20240521,51,20240521,Canar,Sur,1800,Robledal,Control,11,1.981,0.809,0.824,0.683,0.885,0.175,0.037
51_20240626,51,20240626,Canar,Sur,1800,Robledal,Control,12,2.049,0.819,0.899,0.67,0.877,0.175,0.037
51_20240722,51,20240722,Canar,Sur,1800,Robledal,Control,9,1.796,0.774,0.809,0.714,0.829,0.16,0.033
51_20240916,51,20240916,Canar,Sur,1800,Robledal,Control,6,1.364,0.662,0.342,0.76,0.788,0.144,0.024
51_20241017,51,20241017,Canar,Sur,1800,Robledal,Control,6,1.486,0.722,0.342,0.825,0.745,0.151,0.025
51_20250423,51,20250423,Canar,Sur,1800,Robledal,Control,5,1.327,0.69,0.503,0.788,0.809,0.135,0.021
51_20250521,51,20250521,Canar,Sur,1800,Robledal,Control,7,1.467,0.685,0.533,0.659,0.904,0.148,0.028
51_20250617,51,20250617,Canar,Sur,1800,Robledal,Control,9,1.642,0.721,0.611,0.697,0.9,0.154,0.03
51_20250715,51,20250715,Canar,Sur,1800,Robledal,Control,9,1.614,0.711,0.611,0.634,0.901,0.151,0.029
51_20250904,51,20250904,Canar,Sur,1800,Robledal,Control,9,1.614,0.711,0.611,0.634,0.901,0.151,0.029
52_20240521,52,20240521,Canar,Sur,1800,Robledal,Refugio,3,0.699,0.423,0.003,0.78,0.624,0.032,0.006
52_20240626,52,20240626,Canar,Sur,1800,Robledal,Refugio,4,0.927,0.493,0.498,0.91,0.829,0.085,0.016
52_20240722,52,20240722,Canar,Sur,1800,Robledal,Refugio,3,0.736,0.413,0.005,0.88,0.647,0.051,0.008
52_20240916,52,20240916,Canar,Sur,1800,Robledal,Refugio,3,1.061,0.642,0.005,0.765,0.701,0.114,0.019
52_20241017,52,20241017,Canar,Sur,1800,Robledal,Refugio,3,1.061,0.642,0.005,0.765,0.701,0.114,0.019
52_20250423,52,20250423,Canar,Sur,1800,Robledal,Refugio,3,0.773,0.472,0.035,0.487,0.542,0.079,0.01
52_20250521,52,20250521,Canar,Sur,1800,Robledal,Refugio,3,0.773,0.472,0.035,0.487,0.542,0.079,0.01
52_20250617,52,20250617,Canar,Sur,1800,Robledal,Refugio,3,0.773,0.472,0.035,0.487,0.542,0.079,0.01
52_20250715,52,20250715,Canar,Sur,1800,Robledal,Refugio,3,0.773,0.472,0.035,0.487,0.542,0.079,0.01
52_20250904,52,20250904,Canar,Sur,1800,Robledal,Refugio,3,0.773,0.472,0.035,0.487,0.542,0.079,0.01
53_20240521,53,20240521,Canar,Sur,1800,Robledal,Control,7,1.632,0.769,0.111,0.81,0.738,0.113,0.017
53_20240626,53,20240626,Canar,Sur,1800,Robledal,Control,6,1.566,0.763,0.095,0.844,0.787,0.12,0.018
53_20240722,53,20240722,Canar,Sur,1800,Robledal,Control,6,1.561,0.758,0.095,0.823,0.773,0.111,0.016
53_20240916,53,20240916,Canar,Sur,1800,Robledal,Control,6,1.517,0.734,0.095,0.778,0.75,0.094,0.013
53_20241017,53,20241017,Canar,Sur,1800,Robledal,Control,5,1.381,0.696,0.095,0.721,0.736,0.073,0.01
53_20250423,53,20250423,Canar,Sur,1800,Robledal,Control,5,1.201,0.607,0.075,0.658,0.975,0.096,0.015
53_20250521,53,20250521,Canar,Sur,1800,Robledal,Control,6,1.315,0.646,0.075,0.483,0.888,0.11,0.017
53_20250617,53,20250617,Canar,Sur,1800,Robledal,Control,7,1.414,0.679,0.092,0.453,0.98,0.109,0.017
53_20250715,53,20250715,Canar,Sur,1800,Robledal,Control,7,1.414,0.679,0.092,0.453,0.98,0.109,0.017
53_20250904,53,20250904,Canar,Sur,1800,Robledal,Control,7,1.414,0.679,0.092,0.453,0.98,0.109,0.017
54_20240521,54,20240521,Canar,Sur,1800,Robledal,Refugio,1,0,0,NA,NA,NA,0,0
54_20240626,54,20240626,Canar,Sur,1800,Robledal,Refugio,1,0,0,NA,NA,NA,0,0
54_20240722,54,20240722,Canar,Sur,1800,Robledal,Refugio,1,0,0,NA,NA,NA,0,0
54_20240916,54,20240916,Canar,Sur,1800,Robledal,Refugio,1,0,0,NA,NA,NA,0,0
54_20241017,54,20241017,Canar,Sur,1800,Robledal,Refugio,1,0,0,NA,NA,NA,0,0
54_20250423,54,20250423,Canar,Sur,1800,Robledal,Refugio,1,0,0,NA,NA,NA,0,0
54_20250521,54,20250521,Canar,Sur,1800,Robledal,Refugio,2,0.41,0.245,NA,NA,NA,0.044,0.004
54_20250617,54,20250617,Canar,Sur,1800,Robledal,Refugio,2,0.41,0.245,NA,NA,NA,0.044,0.004
54_20250715,54,20250715,Canar,Sur,1800,Robledal,Refugio,1,0,0,NA,NA,NA,0,0
54_20250904,54,20250904,Canar,Sur,1800,Robledal,Refugio,1,0,0,NA,NA,NA,0,0
55_20240520,55,20240520,Canar,Sur,1900,Robledal,Refugio,6,1.534,0.759,0.327,0.739,0.912,0.201,0.043
55_20240625,55,20240625,Canar,Sur,1900,Robledal,Refugio,7,1.651,0.782,0.783,0.796,0.829,0.204,0.044
55_20240723,55,20240723,Canar,Sur,1900,Robledal,Refugio,6,1.561,0.769,0.327,0.752,0.905,0.201,0.043
55_20240917,55,20240917,Canar,Sur,1900,Robledal,Refugio,6,1.56,0.763,0.327,0.778,0.893,0.205,0.044
55_20241022,55,20241022,Canar,Sur,1900,Robledal,Refugio,6,1.56,0.763,0.325,0.707,0.921,0.204,0.044
55_20250429,55,20250429,Canar,Sur,1900,Robledal,Refugio,6,1.501,0.741,0.063,0.649,0.832,0.175,0.031
55_20250529,55,20250529,Canar,Sur,1900,Robledal,Refugio,7,1.582,0.754,0.643,0.654,0.832,0.179,0.033
55_20250624,55,20250624,Canar,Sur,1900,Robledal,Refugio,8,1.618,0.758,0.643,0.625,0.895,0.179,0.033
55_20250721,55,20250721,Canar,Sur,1900,Robledal,Refugio,7,1.582,0.754,0.643,0.654,0.832,0.179,0.033
55_20250910,55,20250910,Canar,Sur,1900,Robledal,Refugio,7,1.582,0.754,0.643,0.654,0.832,0.179,0.033
56_20240520,56,20240520,Canar,Sur,1900,Robledal,Refugio,NA,NA,NA,NA,NA,NA,NA,NA
56_20240625,56,20240625,Canar,Sur,1900,Robledal,Refugio,NA,NA,NA,NA,NA,NA,NA,NA
56_20240723,56,20240723,Canar,Sur,1900,Robledal,Refugio,NA,NA,NA,NA,NA,NA,NA,NA
56_20240917,56,20240917,Canar,Sur,1900,Robledal,Refugio,NA,NA,NA,NA,NA,NA,NA,NA
56_20241022,56,20241022,Canar,Sur,1900,Robledal,Refugio,NA,NA,NA,NA,NA,NA,NA,NA
56_20250429,56,20250429,Canar,Sur,1900,Robledal,Refugio,NA,NA,NA,NA,NA,NA,NA,NA
56_20250529,56,20250529,Canar,Sur,1900,Robledal,Refugio,NA,NA,NA,NA,NA,NA,NA,NA
56_20250624,56,20250624,Canar,Sur,1900,Robledal,Refugio,NA,NA,NA,NA,NA,NA,NA,NA
56_20250721,56,20250721,Canar,Sur,1900,Robledal,Refugio,NA,NA,NA,NA,NA,NA,NA,NA
56_20250910,56,20250910,Canar,Sur,1900,Robledal,Refugio,NA,NA,NA,NA,NA,NA,NA,NA
57_20240520,57,20240520,Canar,Sur,1900,Piornal,Control,4,1.306,0.713,0.441,0.796,0.959,0.189,0.043
57_20240625,57,20240625,Canar,Sur,1900,Piornal,Control,4,1.306,0.713,0.441,0.796,0.959,0.189,0.043
57_20240723,57,20240723,Canar,Sur,1900,Piornal,Control,4,1.306,0.713,0.441,0.796,0.959,0.189,0.043
57_20240917,57,20240917,Canar,Sur,1900,Piornal,Control,3,1.078,0.652,0.003,0.783,0.717,0.181,0.042
57_20241022,57,20241022,Canar,Sur,1900,Piornal,Control,3,1.078,0.652,0.003,0.783,0.717,0.181,0.042
57_20250429,57,20250429,Canar,Sur,1900,Piornal,Control,4,1.172,0.641,0.532,0.772,0.711,0.123,0.023
57_20250529,57,20250529,Canar,Sur,1900,Piornal,Control,4,1.172,0.641,0.532,0.772,0.711,0.123,0.023
57_20250624,57,20250624,Canar,Sur,1900,Piornal,Control,4,1.172,0.641,0.532,0.772,0.711,0.123,0.023
57_20250721,57,20250721,Canar,Sur,1900,Piornal,Control,4,1.172,0.641,0.532,0.772,0.711,0.123,0.023
57_20250910,57,20250910,Canar,Sur,1900,Piornal,Control,4,1.172,0.641,0.532,0.772,0.711,0.123,0.023
58_20240520,58,20240520,Canar,Sur,1900,Robledal,Refugio,3,0.535,0.276,0.222,0.279,0.955,0.052,0.006
58_20240625,58,20240625,Canar,Sur,1900,Robledal,Refugio,4,0.58,0.279,0.567,0.502,0.719,0.048,0.006
58_20240723,58,20240723,Canar,Sur,1900,Robledal,Refugio,3,0.469,0.239,0.222,0.238,0.957,0.042,0.005
58_20240917,58,20240917,Canar,Sur,1900,Robledal,Refugio,2,0.336,0.188,NA,NA,NA,0.026,0.002
58_20241022,58,20241022,Canar,Sur,1900,Robledal,Refugio,2,0.336,0.188,NA,NA,NA,0.026,0.002
58_20250429,58,20250429,Canar,Sur,1900,Robledal,Refugio,3,0.324,0.15,0.001,0.14,0.571,0.01,0.001
58_20250529,58,20250529,Canar,Sur,1900,Robledal,Refugio,3,0.324,0.15,0.001,0.14,0.571,0.01,0.001
58_20250624,58,20250624,Canar,Sur,1900,Robledal,Refugio,5,0.505,0.233,0.153,0.517,0.914,0.019,0.002
58_20250721,58,20250721,Canar,Sur,1900,Robledal,Refugio,3,0.402,0.201,0.001,0.189,0.574,0.011,0.001
58_20250910,58,20250910,Canar,Sur,1900,Robledal,Refugio,3,0.402,0.201,0.001,0.189,0.574,0.011,0.001
59_20240520,59,20240520,Canar,Sur,1900,Robledal,Refugio,2,0.692,0.499,NA,NA,NA,0.24,0.058
59_20240625,59,20240625,Canar,Sur,1900,Robledal,Refugio,2,0.692,0.499,NA,NA,NA,0.24,0.058
59_20240723,59,20240723,Canar,Sur,1900,Robledal,Refugio,2,0.692,0.499,NA,NA,NA,0.24,0.058
59_20240917,59,20240917,Canar,Sur,1900,Robledal,Refugio,2,0.692,0.499,NA,NA,NA,0.24,0.058
59_20241022,59,20241022,Canar,Sur,1900,Robledal,Refugio,2,0.693,0.5,NA,NA,NA,0.24,0.058
59_20250429,59,20250429,Canar,Sur,1900,Robledal,Refugio,2,0.693,0.5,NA,NA,NA,0.181,0.033
59_20250529,59,20250529,Canar,Sur,1900,Robledal,Refugio,3,0.716,0.504,0.49,0.69,0.891,0.182,0.033
59_20250624,59,20250624,Canar,Sur,1900,Robledal,Refugio,3,0.716,0.504,0.49,0.69,0.891,0.182,0.033
59_20250721,59,20250721,Canar,Sur,1900,Robledal,Refugio,3,0.716,0.504,0.49,0.69,0.891,0.182,0.033
59_20250910,59,20250910,Canar,Sur,1900,Robledal,Refugio,3,0.716,0.504,0.49,0.69,0.891,0.182,0.033
60_20240520,60,20240520,Canar,Sur,1900,Piornal,Control,4,1.182,0.671,0.302,0.898,0.822,0.167,0.036
60_20240625,60,20240625,Canar,Sur,1900,Piornal,Control,5,1.244,0.658,0.309,0.822,0.9,0.156,0.032
60_20240723,60,20240723,Canar,Sur,1900,Piornal,Control,5,1.244,0.658,0.309,0.822,0.9,0.156,0.032
60_20240917,60,20240917,Canar,Sur,1900,Piornal,Control,5,1.237,0.65,0.309,0.774,0.9,0.147,0.03
60_20241022,60,20241022,Canar,Sur,1900,Piornal,Control,5,1.237,0.65,0.309,0.774,0.9,0.147,0.03
60_20250429,60,20250429,Canar,Sur,1900,Piornal,Control,6,1.497,0.745,0.017,0.774,0.848,0.165,0.029
60_20250529,60,20250529,Canar,Sur,1900,Piornal,Control,6,1.518,0.749,0.017,0.775,0.851,0.167,0.03
60_20250624,60,20250624,Canar,Sur,1900,Piornal,Control,6,1.538,0.755,0.017,0.809,0.85,0.167,0.03
60_20250721,60,20250721,Canar,Sur,1900,Piornal,Control,6,1.538,0.755,0.017,0.809,0.85,0.167,0.03
60_20250910,60,20250910,Canar,Sur,1900,Piornal,Control,6,1.538,0.755,0.017,0.809,0.85,0.167,0.03
61_20240520,61,20240520,Canar,Sur,1900,Robledal,Refugio,6,1.334,0.688,0.767,0.571,0.966,0.148,0.032
61_20240625,61,20240625,Canar,Sur,1900,Robledal,Refugio,6,1.323,0.675,0.767,0.564,0.959,0.122,0.026
61_20240723,61,20240723,Canar,Sur,1900,Robledal,Refugio,6,1.323,0.675,0.767,0.564,0.959,0.122,0.026
61_20240917,61,20240917,Canar,Sur,1900,Robledal,Refugio,6,1.351,0.685,0.767,0.585,0.956,0.129,0.027
61_20241022,61,20241022,Canar,Sur,1900,Robledal,Refugio,5,1.234,0.661,0.767,0.683,0.885,0.129,0.028
61_20250429,61,20250429,Canar,Sur,1900,Robledal,Refugio,6,1.451,0.734,0.147,0.465,0.741,0.162,0.029
61_20250529,61,20250529,Canar,Sur,1900,Robledal,Refugio,7,1.49,0.739,0.147,0.39,0.799,0.162,0.029
61_20250624,61,20250624,Canar,Sur,1900,Robledal,Refugio,7,1.572,0.758,0.498,0.53,0.773,0.165,0.032
61_20250721,61,20250721,Canar,Sur,1900,Robledal,Refugio,6,1.535,0.754,0.498,0.894,0.702,0.166,0.032
61_20250910,61,20250910,Canar,Sur,1900,Robledal,Refugio,6,1.535,0.754,0.498,0.894,0.702,0.166,0.032
62_20240520,62,20240520,Canar,Sur,1900,Robledal,Refugio,2,0.284,0.151,NA,NA,NA,0.052,0.009
62_20240625,62,20240625,Canar,Sur,1900,Robledal,Refugio,2,0.526,0.342,NA,NA,NA,0.118,0.02
62_20240723,62,20240723,Canar,Sur,1900,Robledal,Refugio,2,0.381,0.222,NA,NA,NA,0.077,0.013
62_20240917,62,20240917,Canar,Sur,1900,Robledal,Refugio,1,0,0,NA,NA,NA,0,0
62_20241022,62,20241022,Canar,Sur,1900,Robledal,Refugio,1,0,0,NA,NA,NA,0,0
62_20250429,62,20250429,Canar,Sur,1900,Robledal,Refugio,2,0.271,0.142,NA,NA,NA,0.032,0.004
62_20250529,62,20250529,Canar,Sur,1900,Robledal,Refugio,2,0.271,0.142,NA,NA,NA,0.032,0.004
62_20250624,62,20250624,Canar,Sur,1900,Robledal,Refugio,2,0.271,0.142,NA,NA,NA,0.032,0.004
62_20250721,62,20250721,Canar,Sur,1900,Robledal,Refugio,2,0.271,0.142,NA,NA,NA,0.032,0.004
62_20250910,62,20250910,Canar,Sur,1900,Robledal,Refugio,2,0.271,0.142,NA,NA,NA,0.032,0.004
63_20240520,63,20240520,Canar,Sur,1900,Piornal,Control,5,1.183,0.593,0.314,0.736,0.903,0.155,0.031
63_20240625,63,20240625,Canar,Sur,1900,Piornal,Control,5,1.225,0.627,0.314,0.69,0.908,0.172,0.036
63_20240723,63,20240723,Canar,Sur,1900,Piornal,Control,5,1.225,0.627,0.314,0.69,0.908,0.172,0.036
63_20240917,63,20240917,Canar,Sur,1900,Piornal,Control,5,1.225,0.627,0.314,0.69,0.908,0.172,0.036
63_20241022,63,20241022,Canar,Sur,1900,Piornal,Control,5,1.225,0.627,0.314,0.69,0.908,0.172,0.036
63_20250429,63,20250429,Canar,Sur,1900,Piornal,Control,5,0.681,0.313,0.036,0.651,0.741,0.078,0.014
63_20250529,63,20250529,Canar,Sur,1900,Piornal,Control,6,0.975,0.461,0.107,0.566,0.931,0.113,0.02
63_20250624,63,20250624,Canar,Sur,1900,Piornal,Control,6,0.992,0.473,0.107,0.553,0.932,0.117,0.02
63_20250721,63,20250721,Canar,Sur,1900,Piornal,Control,6,0.992,0.473,0.107,0.553,0.932,0.117,0.02
63_20250910,63,20250910,Canar,Sur,1900,Piornal,Control,6,0.992,0.473,0.107,0.553,0.932,0.117,0.02
65_20240611,65,20240611,Hortichuela,Sur,1300,Robledal,Refugio,5,0.977,0.49,0.232,0.528,0.948,0.18,0.04
65_20240715,65,20240715,Hortichuela,Sur,1300,Robledal,Refugio,NA,NA,NA,NA,NA,NA,NA,NA
65_20240911,65,20240911,Hortichuela,Sur,1300,Robledal,Refugio,NA,NA,NA,NA,NA,NA,NA,NA
65_20241007,65,20241007,Hortichuela,Sur,1300,Robledal,Refugio,1,0,0,NA,NA,NA,0,0
65_20250507,65,20250507,Hortichuela,Sur,1300,Robledal,Refugio,6,1.339,0.655,0.058,0.597,0.759,0.117,0.021
65_20250609,65,20250609,Hortichuela,Sur,1300,Robledal,Refugio,3,0.728,0.412,0.007,0.478,0.852,0.134,0.024
65_20250702,65,20250702,Hortichuela,Sur,1300,Robledal,Refugio,NA,NA,NA,NA,NA,NA,NA,NA
65_20250729,65,20250729,Hortichuela,Sur,1300,Robledal,Refugio,NA,NA,NA,NA,NA,NA,NA,NA
65_20250922,65,20250922,Hortichuela,Sur,1300,Robledal,Refugio,NA,NA,NA,NA,NA,NA,NA,NA
66_20240605,66,20240605,Camarate,Norte,1700,Robledal,Refugio,6,1.529,0.75,0.176,0.921,0.742,0.172,0.033
66_20240702,66,20240702,Camarate,Norte,1700,Robledal,Refugio,5,1.167,0.618,0.176,0.579,0.975,0.191,0.039
66_20240903,66,20240903,Camarate,Norte,1700,Robledal,Refugio,1,0,0,NA,NA,NA,0,0
66_20241001,66,20241001,Camarate,Norte,1700,Robledal,Refugio,1,0,0,NA,NA,NA,0,0
66_20250429,66,20250429,Camarate,Norte,1700,Robledal,Refugio,8,1.646,0.773,0.497,0.472,0.663,0.163,0.029
66_20250530,66,20250530,Camarate,Norte,1700,Robledal,Refugio,10,1.734,0.785,0.579,0.473,0.725,0.162,0.029
66_20250625,66,20250625,Camarate,Norte,1700,Robledal,Refugio,7,1.365,0.688,0.38,0.479,0.566,0.124,0.016
66_20250722,66,20250722,Camarate,Norte,1700,Robledal,Refugio,2,0.246,0.125,NA,NA,NA,0.015,0.001
66_20250908,66,20250908,Camarate,Norte,1700,Robledal,Refugio,2,0.246,0.125,NA,NA,NA,0.015,0.001
67_20240605,67,20240605,Camarate,Norte,1700,Robledal,Control,10,1.917,0.82,0.609,0.587,0.647,0.162,0.029
67_20240702,67,20240702,Camarate,Norte,1700,Robledal,Control,7,1.755,0.797,0.185,0.859,0.832,0.184,0.035
37_20240903,67,20240903,Camarate,Norte,1700,Robledal,Control,NA,NA,NA,NA,NA,NA,NA,NA
37_20241001,67,20241001,Camarate,Norte,1700,Robledal,Control,NA,NA,NA,NA,NA,NA,NA,NA
67_20250429,67,20250429,Camarate,Norte,1700,Robledal,Control,10,1.478,0.639,0.834,0.608,0.584,0.155,0.035
67_20250530,67,20250530,Camarate,Norte,1700,Robledal,Control,14,1.699,0.685,0.891,0.7,0.619,0.158,0.036
67_20250625,67,20250625,Camarate,Norte,1700,Robledal,Control,12,2.011,0.813,0.891,0.764,0.869,0.254,0.067
67_20250722,67,20250722,Camarate,Norte,1700,Robledal,Control,3,0.749,0.431,0.04,0.503,0.776,0.091,0.012
67_20250908,67,20250908,Camarate,Norte,1700,Robledal,Control,3,0.749,0.431,0.04,0.503,0.776,0.091,0.012
114_20240521,114,20240521,Canar,Sur,1700,Robledal,Refugio,6,1.656,0.793,0.481,0.864,0.771,0.116,0.017
114_20240626,114,20240626,Canar,Sur,1700,Robledal,Refugio,6,1.656,0.793,0.481,0.864,0.771,0.116,0.017
114_20240722,114,20240722,Canar,Sur,1700,Robledal,Refugio,5,1.472,0.755,0.111,0.836,0.63,0.091,0.011
114_20240916,114,20240916,Canar,Sur,1700,Robledal,Refugio,2,0.673,0.48,NA,NA,NA,0.172,0.031
114_20241017,114,20241017,Canar,Sur,1700,Robledal,Refugio,2,0.687,0.493,NA,NA,NA,0.177,0.032
114_20250423,114,20250423,Canar,Sur,1700,Robledal,Refugio,4,0.693,0.344,0.013,0.611,0.842,0.034,0.005
114_20250521,114,20250521,Canar,Sur,1700,Robledal,Refugio,6,1.322,0.629,0.469,0.667,0.966,0.097,0.017
114_20250617,114,20250617,Canar,Sur,1700,Robledal,Refugio,7,1.512,0.678,0.469,0.699,0.929,0.086,0.015
114_20250715,114,20250715,Canar,Sur,1700,Robledal,Refugio,7,1.512,0.678,0.469,0.699,0.929,0.086,0.015
114_20250904,114,20250904,Canar,Sur,1700,Robledal,Refugio,7,1.512,0.678,0.469,0.699,0.929,0.086,0.015
Collar_10-12_20240604,Collar_10-12,20240604,Finana,Norte,1500,Encinar,Refugio,8,1.732,0.791,0.218,0.512,0.706,0.068,0.009
Collar_10-12_20240701,Collar_10-12,20240701,Finana,Norte,1500,Encinar,Refugio,7,1.609,0.77,0.218,0.466,0.674,0.068,0.009
Collar_10-12_20241002,Collar_10-12,20241002,Finana,Norte,1500,Encinar,Refugio,5,1.341,0.714,0.138,0.863,0.512,0.066,0.006
Collar_10-12_20250422,Collar_10-12,20250422,Finana,Norte,1500,Encinar,Refugio,6,1.302,0.681,0.096,0.53,0.951,0.204,0.044
Collar_10-12_20250520,Collar_10-12,20250520,Finana,Norte,1500,Encinar,Refugio,6,1.337,0.692,0.096,0.625,0.951,0.204,0.044
Collar_10-12_20250616,Collar_10-12,20250616,Finana,Norte,1500,Encinar,Refugio,6,1.337,0.692,0.096,0.625,0.951,0.204,0.044
Collar_10-12_20250714,Collar_10-12,20250714,Finana,Norte,1500,Encinar,Refugio,6,1.337,0.692,0.096,0.625,0.951,0.204,0.044
Collar_10-12_20250902,Collar_10-12,20250902,Finana,Norte,1500,Encinar,Refugio,6,1.337,0.692,0.096,0.625,0.951,0.204,0.044
Collar_1-3_20240604,Collar_1-3,20240604,Finana,Norte,1500,Encinar,Control,5,0.878,0.415,0.492,0.654,0.706,0.15,0.04
Collar_1-3_20240701,Collar_1-3,20240701,Finana,Norte,1500,Encinar,Control,4,0.766,0.383,0.492,0.601,0.869,0.155,0.042
Collar_1-3_20241002,Collar_1-3,20241002,Finana,Norte,1500,Encinar,Control,2,0.26,0.135,NA,NA,NA,0.023,0.002
Collar_1-3_20250422,Collar_1-3,20250422,Finana,Norte,1500,Encinar,Control,4,1.16,0.653,0.038,0.847,0.617,0.155,0.042
Collar_1-3_20250520,Collar_1-3,20250520,Finana,Norte,1500,Encinar,Control,5,1.285,0.68,0.255,0.679,0.749,0.159,0.041
Collar_1-3_20250616,Collar_1-3,20250616,Finana,Norte,1500,Encinar,Control,6,1.369,0.695,0.442,0.521,0.782,0.163,0.042
Collar_1-3_20250714,Collar_1-3,20250714,Finana,Norte,1500,Encinar,Control,5,1.249,0.67,0.442,0.669,0.725,0.16,0.042
Collar_1-3_20250902,Collar_1-3,20250902,Finana,Norte,1500,Encinar,Control,5,1.249,0.67,0.442,0.669,0.725,0.16,0.042
Collar_13-15_20240604,Collar_13-15,20240604,Finana,Norte,1700,Encinar,Control,8,1.248,0.531,0.252,0.827,0.952,0.097,0.015
Collar_13-15_20240701,Collar_13-15,20240701,Finana,Norte,1700,Encinar,Control,7,1.042,0.449,0.252,0.749,0.946,0.102,0.016
Collar_13-15_20241002,Collar_13-15,20241002,Finana,Norte,1700,Encinar,Control,3,0.413,0.196,0.001,0.21,0.408,0.028,0.002
Collar_13-15_20250422,Collar_13-15,20250422,Finana,Norte,1700,Encinar,Control,6,1.489,0.703,0.492,0.821,0.885,0.208,0.049
Collar_13-15_20250520,Collar_13-15,20250520,Finana,Norte,1700,Encinar,Control,7,1.652,0.744,0.611,0.843,0.902,0.235,0.059
Collar_13-15_20250616,Collar_13-15,20250616,Finana,Norte,1700,Encinar,Control,8,1.76,0.768,0.611,0.835,0.878,0.233,0.059
Collar_13-15_20250714,Collar_13-15,20250714,Finana,Norte,1700,Encinar,Control,8,1.76,0.768,0.611,0.835,0.878,0.233,0.059
Collar_13-15_20250902,Collar_13-15,20250902,Finana,Norte,1700,Encinar,Control,8,1.76,0.768,0.611,0.835,0.878,0.233,0.059
Collar_13-16_20240520,Collar_13-16,20240520,Portugos,Sur,1700,Pinar_sy,Control,1,0,0,NA,NA,NA,0,0
Collar_13-16_20240625,Collar_13-16,20240625,Portugos,Sur,1700,Pinar_sy,Control,2,0.378,0.22,NA,NA,NA,0.07,0.011
Collar_13-16_20240723,Collar_13-16,20240723,Portugos,Sur,1700,Pinar_sy,Control,1,0,0,NA,NA,NA,0,0
Collar_13-16_20240917,Collar_13-16,20240917,Portugos,Sur,1700,Pinar_sy,Control,1,0,0,NA,NA,NA,0,0
Collar_13-16_20241021,Collar_13-16,20241021,Portugos,Sur,1700,Pinar_sy,Control,1,0,0,NA,NA,NA,0,0
Collar_13-16_20250423,Collar_13-16,20250423,Portugos,Sur,1700,Pinar_sy,Control,1,0,0,NA,NA,NA,0,0
Collar_13-16_20250521,Collar_13-16,20250521,Portugos,Sur,1700,Pinar_sy,Control,2,0.314,0.172,NA,NA,NA,0.074,0.016
Collar_13-16_20250617,Collar_13-16,20250617,Portugos,Sur,1700,Pinar_sy,Control,2,0.2,0.096,NA,NA,NA,0.041,0.009
Collar_13-16_20250715,Collar_13-16,20250715,Portugos,Sur,1700,Pinar_sy,Control,2,0.2,0.096,NA,NA,NA,0.041,0.009
Collar_13-16_20250902,Collar_13-16,20250902,Portugos,Sur,1700,Pinar_sy,Control,1,0,0,NA,NA,NA,0,0
Collar_1-4_20240625,Collar_1-4,20240625,Portugos,Sur,1700,Pinar_sy,Refugio,1,0,0,NA,NA,NA,0,0
Collar_1-4_20240723,Collar_1-4,20240723,Portugos,Sur,1700,Pinar_sy,Refugio,1,0,0,NA,NA,NA,0,0
Collar_1-4_20240917,Collar_1-4,20240917,Portugos,Sur,1700,Pinar_sy,Refugio,1,0,0,NA,NA,NA,0,0
Collar_1-4_20241021,Collar_1-4,20241021,Portugos,Sur,1700,Pinar_sy,Refugio,1,0,0,NA,NA,NA,0,0
Collar_1-4_20250617,Collar_1-4,20250617,Portugos,Sur,1700,Pinar_sy,Refugio,1,0,0,NA,NA,NA,0,0
Collar_1-4_20250715,Collar_1-4,20250715,Portugos,Sur,1700,Pinar_sy,Refugio,1,0,0,NA,NA,NA,0,0
Collar_1-4_20250904,Collar_1-4,20250904,Portugos,Sur,1700,Pinar_sy,Refugio,1,0,0,NA,NA,NA,0,0
Collar_16-18_20240604,Collar_16-18,20240604,Finana,Norte,1500,Encinar,Refugio,4,1.119,0.61,0.024,0.701,0.82,0.181,0.035
Collar_16-18_20240701,Collar_16-18,20240701,Finana,Norte,1500,Encinar,Refugio,4,1.163,0.636,0.024,0.722,0.801,0.184,0.035
Collar_16-18_20241002,Collar_16-18,20241002,Finana,Norte,1500,Encinar,Refugio,2,0.551,0.364,NA,NA,NA,0.049,0.003
Collar_16-18_20250422,Collar_16-18,20250422,Finana,Norte,1500,Encinar,Refugio,5,1.314,0.676,0.536,0.745,0.912,0.155,0.032
Collar_16-18_20250520,Collar_16-18,20250520,Finana,Norte,1500,Encinar,Refugio,5,1.295,0.666,0.536,0.73,0.914,0.152,0.032
Collar_16-18_20250616,Collar_16-18,20250616,Finana,Norte,1500,Encinar,Refugio,5,1.295,0.666,0.536,0.73,0.914,0.152,0.032
Collar_16-18_20250714,Collar_16-18,20250714,Finana,Norte,1500,Encinar,Refugio,5,1.295,0.666,0.536,0.73,0.914,0.152,0.032
Collar_16-18_20250902,Collar_16-18,20250902,Finana,Norte,1500,Encinar,Refugio,5,1.295,0.666,0.536,0.73,0.914,0.152,0.032
Collar_17-20_20240520,Collar_17-20,20240520,Portugos,Sur,1700,Pinar_sy,Refugio,6,1.492,0.725,0.38,0.773,0.872,0.18,0.034
Collar_17-20_20240625,Collar_17-20,20240625,Portugos,Sur,1700,Pinar_sy,Refugio,6,1.498,0.718,0.38,0.772,0.875,0.183,0.035
Collar_17-20_20240701,Collar_17-20,20240701,Portugos,Sur,1700,Pinar_sy,Refugio,1,0,0,NA,NA,NA,0,0
Collar_17-20_20240723,Collar_17-20,20240723,Portugos,Sur,1700,Pinar_sy,Refugio,5,1.353,0.685,0.08,0.771,0.904,0.177,0.033
Collar_17-20_20240917,Collar_17-20,20240917,Portugos,Sur,1700,Pinar_sy,Refugio,4,1.132,0.618,0.074,0.666,0.934,0.16,0.028
Collar_17-20_20241002,Collar_17-20,20241002,Portugos,Sur,1700,Pinar_sy,Refugio,1,0,0,NA,NA,NA,0,0
Collar_17-20_20241021,Collar_17-20,20241021,Portugos,Sur,1700,Pinar_sy,Refugio,4,1.146,0.622,0.074,0.723,0.918,0.157,0.027
Collar_17-20_20250423,Collar_17-20,20250423,Portugos,Sur,1700,Pinar_sy,Refugio,3,0.712,0.398,0.005,0.435,0.693,0.086,0.012
Collar_17-20_20250521,Collar_17-20,20250521,Portugos,Sur,1700,Pinar_sy,Refugio,6,1.252,0.595,0.098,0.825,0.897,0.151,0.027
Collar_17-20_20250617,Collar_17-20,20250617,Portugos,Sur,1700,Pinar_sy,Refugio,6,1.252,0.595,0.098,0.825,0.897,0.151,0.027
Collar_17-20_20250715,Collar_17-20,20250715,Portugos,Sur,1700,Pinar_sy,Refugio,6,1.3,0.62,0.098,0.833,0.891,0.155,0.028
Collar_17-20_20250904,Collar_17-20,20250904,Portugos,Sur,1700,Pinar_sy,Refugio,6,1.3,0.62,0.098,0.833,0.891,0.155,0.028
Collar_21-24_20240520,Collar_21-24,20240520,Portugos,Sur,1700,Pinar_sy,Control,1,0,0,NA,NA,NA,0,0
Collar_21-24_20240625,Collar_21-24,20240625,Portugos,Sur,1700,Pinar_sy,Control,1,0,0,NA,NA,NA,0,0
Collar_21-24_20240723,Collar_21-24,20240723,Portugos,Sur,1700,Pinar_sy,Control,1,0,0,NA,NA,NA,0,0
Collar_21-24_20240917,Collar_21-24,20240917,Portugos,Sur,1700,Pinar_sy,Control,1,0,0,NA,NA,NA,0,0
Collar_21-24_20241021,Collar_21-24,20241021,Portugos,Sur,1700,Pinar_sy,Control,1,0,0,NA,NA,NA,0,0
Collar_21-24_20250423,Collar_21-24,20250423,Portugos,Sur,1700,Pinar_sy,Control,1,0,0,NA,NA,NA,0,0
Collar_21-24_20250521,Collar_21-24,20250521,Portugos,Sur,1700,Pinar_sy,Control,1,0,0,NA,NA,NA,0,0
Collar_21-24_20250617,Collar_21-24,20250617,Portugos,Sur,1700,Pinar_sy,Control,1,0,0,NA,NA,NA,0,0
Collar_21-24_20250714,Collar_21-24,20250714,Portugos,Sur,1700,Pinar_sy,Control,1,0,0,NA,NA,NA,0,0
Collar_21-24_20250715,Collar_21-24,20250715,Portugos,Sur,1700,Pinar_sy,Control,1,0,0,NA,NA,NA,0,0
Collar_21-24_20250904,Collar_21-24,20250904,Portugos,Sur,1700,Pinar_sy,Control,1,0,0,NA,NA,NA,0,0
Collar_4-6_20240604,Collar_4-6,20240604,Finana,Norte,1500,Encinar,Refugio,6,1.584,0.759,0.149,0.789,0.77,0.173,0.035
Collar_4-6_20240701,Collar_4-6,20240701,Finana,Norte,1500,Encinar,Refugio,5,1.418,0.722,0.149,0.766,0.721,0.178,0.036
Collar_4-6_20241002,Collar_4-6,20241002,Finana,Norte,1500,Encinar,Refugio,3,0.926,0.544,0,0.644,0.606,0.06,0.004
Collar_4-6_20250422,Collar_4-6,20250422,Finana,Norte,1500,Encinar,Refugio,5,1.47,0.751,0.031,0.871,0.82,0.17,0.034
Collar_4-6_20250520,Collar_4-6,20250520,Finana,Norte,1500,Encinar,Refugio,7,1.755,0.804,0.536,0.784,0.766,0.193,0.041
Collar_4-6_20250616,Collar_4-6,20250616,Finana,Norte,1500,Encinar,Refugio,7,1.755,0.804,0.536,0.784,0.766,0.193,0.041
Collar_4-6_20250714,Collar_4-6,20250714,Finana,Norte,1500,Encinar,Refugio,7,1.755,0.804,0.536,0.784,0.766,0.193,0.041
Collar_4-6_20250902,Collar_4-6,20250902,Finana,Norte,1500,Encinar,Refugio,7,1.755,0.804,0.536,0.784,0.766,0.193,0.041
Collar_5-8_20240520,Collar_5-8,20240520,Portugos,Sur,1700,Pinar_sy,Control,2,0.35,0.199,NA,NA,NA,0.064,0.01
Collar_5-8_20240625,Collar_5-8,20240625,Portugos,Sur,1700,Pinar_sy,Control,2,0.35,0.199,NA,NA,NA,0.064,0.01
Collar_5-8_20240723,Collar_5-8,20240723,Portugos,Sur,1700,Pinar_sy,Control,2,0.35,0.199,NA,NA,NA,0.064,0.01
Collar_5-8_20240917,Collar_5-8,20240917,Portugos,Sur,1700,Pinar_sy,Control,2,0.35,0.199,NA,NA,NA,0.064,0.01
Collar_5-8_20241021,Collar_5-8,20241021,Portugos,Sur,1700,Pinar_sy,Control,2,0.35,0.199,NA,NA,NA,0.064,0.01
Collar_5-8_20250423,Collar_5-8,20250423,Portugos,Sur,1700,Pinar_sy,Control,1,0,0,NA,NA,NA,0,0
Collar_5-8_20250521,Collar_5-8,20250521,Portugos,Sur,1700,Pinar_sy,Control,2,0.193,0.091,NA,NA,NA,0.029,0.005
Collar_5-8_20250617,Collar_5-8,20250617,Portugos,Sur,1700,Pinar_sy,Control,2,0.193,0.091,NA,NA,NA,0.029,0.005
Collar_5-8_20250715,Collar_5-8,20250715,Portugos,Sur,1700,Pinar_sy,Control,2,0.193,0.091,NA,NA,NA,0.029,0.005
Collar_5-8_20250904,Collar_5-8,20250904,Portugos,Sur,1700,Pinar_sy,Control,2,0.193,0.091,NA,NA,NA,0.029,0.005
Collar_7-9_20240604,Collar_7-9,20240604,Finana,Norte,1500,Encinar,Control,7,1.574,0.721,0.492,0.865,0.758,0.162,0.036
Collar_7-9_20240701,Collar_7-9,20240701,Finana,Norte,1500,Encinar,Control,4,0.951,0.492,0.038,0.662,0.556,0.102,0.023
Collar_7-9_20241002,Collar_7-9,20241002,Finana,Norte,1500,Encinar,Control,3,1.04,0.625,0.038,0.718,0.719,0.228,0.065
Collar_7-9_20250422,Collar_7-9,20250422,Finana,Norte,1500,Encinar,Control,6,1.351,0.686,0.255,0.582,0.721,0.094,0.02
Collar_7-9_20250520,Collar_7-9,20250520,Finana,Norte,1500,Encinar,Control,8,1.586,0.734,0.492,0.642,0.803,0.114,0.024
Collar_7-9_20250616,Collar_7-9,20250616,Finana,Norte,1500,Encinar,Control,7,1.489,0.713,0.492,0.608,0.75,0.106,0.023
Collar_7-9_20250714,Collar_7-9,20250714,Finana,Norte,1500,Encinar,Control,6,1.354,0.676,0.492,0.664,0.705,0.102,0.023
Collar_7-9_20250902,Collar_7-9,20250902,Finana,Norte,1500,Encinar,Control,6,1.354,0.676,0.492,0.664,0.705,0.102,0.023
Collar_9-12_20240520,Collar_9-12,20240520,Portugos,Sur,1700,Pinar_sy,Refugio,1,0,0,NA,NA,NA,0,0
Collar_9-12_20240625,Collar_9-12,20240625,Portugos,Sur,1700,Pinar_sy,Refugio,1,0,0,NA,NA,NA,0,0
Collar_9-12_20240723,Collar_9-12,20240723,Portugos,Sur,1700,Pinar_sy,Refugio,1,0,0,NA,NA,NA,0,0
Collar_9-12_20240917,Collar_9-12,20240917,Portugos,Sur,1700,Pinar_sy,Refugio,1,0,0,NA,NA,NA,0,0
Collar_9-12_20241021,Collar_9-12,20241021,Portugos,Sur,1700,Pinar_sy,Refugio,1,0,0,NA,NA,NA,0,0
Collar_9-12_20250422,Collar_9-12,20250422,Portugos,Sur,1700,Pinar_sy,Refugio,1,0,0,NA,NA,NA,0,0
Collar_9-12_20250520,Collar_9-12,20250520,Portugos,Sur,1700,Pinar_sy,Refugio,3,1.099,0.667,0.016,0.995,0.684,0.161,0.033
Collar_9-12_20250616,Collar_9-12,20250616,Portugos,Sur,1700,Pinar_sy,Refugio,2,0.693,0.5,NA,NA,NA,0.119,0.014
Collar_9-12_20250714,Collar_9-12,20250714,Portugos,Sur,1700,Pinar_sy,Refugio,2,0.693,0.5,NA,NA,NA,0.119,0.014
Collar_9-12_20250715,Collar_9-12,20250715,Portugos,Sur,1700,Pinar_sy,Refugio,1,0,0,NA,NA,NA,0,0
Collar_9-12_20250902,Collar_9-12,20250902,Portugos,Sur,1700,Pinar_sy,Refugio,2,0.693,0.5,NA,NA,NA,0.119,0.014
